num,name,x,y,date_field
1,ארז ‎‎,34.561529,31.562009,8/5/2018
2,נחל עוז‎‎‎‎‎‎‎,34.490633,31.476915,8/5/2018
3,בין עלומים לנחל עוז‎‎,34.516983,31.467179,11/5/2018
4,ארז‎‎‎‎,34.560692,31.559778,12/5/2018
5,בעלומים‎‎‎,34.505825,31.456929,15/5/2018
6,נחל עוז ‎‎‎,34.489775,31.47567,17/5/2018
7,בארי‎‎‎,34.487114,31.42881,19/5/2018
8,כפר עזה‎‎,34.527283,31.485845,23/5/2018
9,ניר עוז‎‎‎,34.386006,31.319475,25/5/2018
10,ניר עם‎‎,34.570198,31.520313,25/5/2018
11,יער כיסופים‎‎‎,34.381971,31.382072,25/5/2018
12,יער כיסופים‎‎‎‎,34.380512,31.38002,25/5/2018
13,ניר עם‎‎‎,34.574146,31.522362,25/5/2018
14,ניר עם‎‎,34.57406,31.519215,25/5/2018
15,יער כיסופים‎,34.409823,31.388263,26/5/2018
16,כפר עזה‎,34.531564,31.48418,13/5/2018
17,כפר עזה‎‎,34.530855,31.485378,15/5/2018
18,כפר עזה‎,34.529192,31.486659,2/5/2018
19,כפר עזה‎,34.526843,31.48385,8/5/2018
20,כפר עזה‎,34.526628,31.482894,11/5/2018
21,כפר עזה‎,34.530759,31.482807,22/5/2018
22,כפר עזה ‎,34.528205,31.48482,23/5/2018
23,ניר עם‎,34.57037,31.528233,23/5/2018
24,כפר עזה‎,34.528635,31.486046,23/5/2018
25,כפר עזה‎,34.527776,31.484033,24/5/2018
26,כפר עזה‎,34.52621,31.483411,25/5/2018
27,כיסופים,34.39167,31.370787,10/5/2018
28,בארי‎,34.490376,31.431446,25/5/2018
29,מפלסים‎,34.562645,31.506849,24/5/2018
30,ניר עם,34.569168,31.517386,18/5/2018
31,נחל עוז‎,34.493938,31.477976,12/5/2018
32,כרם שלום‎,34.280434,31.227628,4/5/2018
33,ניר עם‎,34.576721,31.523313,8/5/2018
34,נחל הבשור‎,34.476471,31.334285,17/5/2018
35,נחל הבשור,34.491577,31.313168,17/5/2018
36,נחל הבשור,34.484711,31.301875,17/5/2018
37,מפלסים/ניר עם,34.563847,31.511167,14/5/2018
38,מפלסים‎,34.552689,31.504654,9/5/2018
39,מכתש בארי,34.469519,31.432288,11/5/2018
40,סעד‎‎,34.541402,31.474682,14/5/2018
41,יער כיסופים,34.412699,31.396872,25/5/2018
42,איזור תל גמה,34.444542,31.382878,14/5/2018
43,סעד,34.542003,31.476366,23/5/2018
44,ניר עם‎‎‎,34.571228,31.523605,23/5/2018
45,מכתש בארי‎,34.466,31.433936,27/5/2018
46,נירים‎,34.39564,31.330692,12/5/2018
47,סעד,34.535265,31.466282,27/5/2018
48,כפר עזה ,34.532046,31.482862,27/5/2018
49,כפר עזה,34.52945,31.484674,27/5/2018
50,מפלסים,34.557324,31.502834,14/5/2018
51,מפלסים,34.557849,31.500117,14/5/2018
52,מפלסים,34.560703,31.498132,8/5/2018
53,מפלסים/ניר עם,34.568224,31.50952,5/5/2018
54,כיסופים,34.407377,31.386908,28/5/2018
55,כפר עזה‎‎,34.530888,31.48041,30/5/2018
56,בין כיסופים לעין השלשה,34.384031,31.367709,31/5/2018
57,ארז‎,34.568353,31.557182,31/5/2018
58,מפלסים‎‎‎,34.554834,31.500556,31/5/2018
59,ניר עם,34.575648,31.520642,31/5/2018
60,מפלסים‎‎‎,34.56434,31.505532,1/6/2018
61,ניר עם‎,34.574597,31.521026,1/6/2018
62,סעד‎‎,34.530029,31.467746,1/6/2018
63,נירים‎,34.376564,31.344841,14/5/2018
64,נירים,34.374805,31.322847,24/5/2018
65,כיסופים‎‎,34.39505,31.367993,1/6/2018
66,בארי‎‎,34.466922,31.432838,1/6/2018
67,כיסופים‎,34.390211,31.375477,2/6/2018
68,כרמיה‎‎‎‎‎,34.536638,31.601712,2/6/2018
69,ניר עם‎‎‎,34.577966,31.524061,2/6/2018
70,גבים‎‎‎‎,34.592021,31.510874,2/6/2018
71,ניר עם‎‎‎‎,34.576464,31.526495,2/6/2018
72,נר עם (פעם שנייה היום),34.577601,31.523605,2/6/2018
73,ניר עם‎,34.581463,31.523642,3/6/2018
74,יד מורדכי,34.553118,31.590161,3/6/2018
75,יער שמחוני,34.523335,31.475762,3/6/2018
76,ניר עם ,34.571443,31.51135,3/6/2018
77,כניון רעים,34.472727,31.401167,3/6/2018
78,יער שוקדה,34.511361,31.427345,3/6/2018
79,יער בארי‎,34.471089,31.436542,4/6/2018
80,תחנת רכבת שדרות‎,34.584553,31.515008,4/6/2018
81,מכללת ספיר ‎‎,34.586763,31.510782,4/6/2018
82,ניר עם‎‎,34.576635,31.5273,4/6/2018
83,ניר עם,34.570498,31.504764,4/6/2018
84,ניר עם,34.591222,31.512806,5/6/2018
85,ניר עם‎‎‎,34.57372,31.527298,5/6/2018
86,נתיב העשרה,34.533119,31.574367,5/6/2018
87,דבשת הגמל ניר עם,34.57674,31.529159,5/6/2018
88,ניר עם,34.57095,31.505866,5/6/2018
89,ניר עם‎,34.579546,31.499753,5/6/2018
90,ניר עם,34.575292,31.512406,5/6/2018
91,כפר עזה,34.539063,31.483393,5/6/2018
92,ביון בארי לרעים,34.464541,31.412769,5/6/2018
93,כפר עזה,34.539471,31.484033,5/6/2018
94,מנחת / משטח הכלניות - ארז‎‎‎,34.553976,31.557869,5/6/2018
95,בארי,34.483252,31.425807,6/6/2018
96,כפר עזה‎,34.539707,31.483411,6/6/2018
97,כיסופים,34.425659,31.385882,6/6/2018
98,נירים‎,34.379311,31.331939,5/6/2018
99,בארי,34.477844,31.434229,7/6/2018
100,כיסופים,34.3927,31.38852,7/6/2018
101,נחל עוז,34.492178,31.476622,7/6/2018
102,סעד‎,34.53548,31.465971,7/6/2018
103,בארי,34.471493,31.426612,7/6/2018
104,בארי,34.474926,31.431153,7/6/2018
105,ניר עם,34.575176,31.524703,8/6/2018
106,כרם שלום,34.278803,31.226748,8/6/2018
107,שדות ניר עם‎,34.575972,31.491722,8/6/2018
108,ניר עם,34.576167,31.511194,8/6/2018
109,ניר עם,34.591278,31.511528,8/6/2018
110,כיסופים,34.388237,31.382951,8/6/2018
111,בארי,34.467373,31.429103,8/6/2018
112,נחל עוז,34.486599,31.474646,8/6/2018
113,בארי,34.483166,31.431739,9/6/2018
114,בארי,34.481449,31.43628,9/6/2018
115,בארי,34.475613,31.438623,9/10/2018
116,כיסופים,34.39167,31.381925,9/6/2018
117,כיסופים,34.390297,31.385443,9/6/2018
118,ניר עם‎,34.58723,31.501972,9/6/2018
119,גבים,34.595476,31.500451,9/6/2018
120,ניר עם‎,34.582803,31.512783,9/6/2018
121,שדרות‎‎‎,34.583845,31.527117,9/6/2018
122,ניר עם‎‎,34.582107,31.524922,8/6/2018
123,ניר עם‎,34.580541,31.526751,9/6/2018
124,ניר עם‎,34.575512,31.522209,9/6/2018
125,נחל אסף‎,34.413175,31.341739,9/6/2018
126,ניר עם‎,34.575512,31.522209,9/6/2018
127,יכיני‎,34.595604,31.489139,9/6/2018
128,ניר עם‎,34.571592,31.506672,9/6/2018
129,ניר עם‎,34.579554,31.502495,10/6/2018
130,כיסופים‎,34.389782,31.379287,10/6/2018
131,נתיב העשרה,34.53063,31.576488,9/6/2018
132,נתיב העשרה,34.532433,31.576269,9/6/2018
133,ארז‎,34.560928,31.550782,9/6/2018
134,ניר עם,34.574822,31.517756,10/6/2018
135,יעק שוקדה,34.51458,31.429981,11/6/2018
136,יד מרדכי‎,34.557066,31.590636,11/6/2018
137,שדרות,34.595003,31.540505,11/6/2018
138,ניר עם,34.561787,31.519728,11/6/2018
139,ניר עם,34.574962,31.530769,11/6/2018
140,ניר עם‎,34.583422,31.509901,11/6/2018
141,ניר עם,34.583336,31.510596,11/6/2018
142,ניר עם,34.554523,31.506197,11/6/2018
143,ניר עם,34.574967,31.530837,11/6/2018
144,"החץ השחור, ניר עם",34.554523,31.506197,11/6/2018
145,מפלסים‎‎‎‎,34.557495,31.504947,11/6/2018
146,כפר עזה,34.528409,31.483672,11/6/2018
147,"עה""ש-כיסופים‎",34.411068,31.358768,11/6/2018
148,ניר עם,34.575152,31.510831,11/6/2018
149,גבעת דבשת הגמל,34.576206,31.529092,11/6/2018
150,אגם שיקמה‎‎‎,34.515449,31.599466,12/6/2018
151,ניר עם,34.583275,31.488546,12/6/2018
152,ניר עם - נסיון שלא הצליח‎,34.577418,31.516241,12/6/2018
153,ברור חיל,34.635086,31.554695,12/6/2018
154,אור הנר,34.590797,31.549794,12/6/2018
155,ניר עם,34.576592,31.524703,12/6/2018
156,ארז,34.560242,31.557255,12/6/2018
157,יער שמחוני,34.523759,31.476461,12/6/2018
158,באר מרווה,34.519011,31.448308,12/6/2018
159,יער בארי‎,34.471116,31.436341,12/6/2018
160,סופה,34.333649,31.245682,08/06/2018
161,בארי,34.467716,31.436353,13/6/2018
162,בארי,34.465742,31.436939,13/6/2018
163,ניר עם,34.589248,31.501057,11/6/2018
164,ניר עם‎‎,34.587125,31.504513,13/6/2018
165,ניר עם‎‎,34.580605,31.525233,14/6/2018
166,גבים‎,34.602093,31.504464,14/6/2018
167,ניר עם,34.572172,31.523349,14/6/2018
168,בארי‎,34.48956,31.427089,14/6/2018
169,ניר עם,34.568389,31.506578,14/6/2018
170,מפלסים,34.547796,31.496604,14/6/2018
171,מפלסים,34.548054,31.492652,14/6/2018
172,כפר עזה,34.531059,31.487785,14/6/2018
173,דורות,34.637489,31.505825,14/6/2018
174,יכיני,34.594832,31.484308,14/6/2018
175,יושביה,34.607964,31.449827,14/6/2018
176,ניר עם‎‎,34.555919,31.515527,14/6/2018
177,ניר עם,34.58784,31.511161,15/6/2018
178,גבים‎,34.604187,31.507581,15/6/2018
179,אור הנר‎,34.597042,31.555088,15/6/2018
180,ניר עם,34.563847,31.520898,15/6/2018
181,כיסופים,34.386005,31.377236,16/6/2018
182,כיסופים,34.379997,31.375624,16/6/2018
183,בארי,34.475269,31.424122,16/6/2018
184,ניר עם,34.575036,31.533523,6/6/2018
185,ניר עם,34.575098,31.505904,16/6/2018
186,שדרות,34.587321,31.520459,16/6/2018
187,רוחמה,34.695082,31.49697,06/6/2018
188,רעים‎‎,34.456644,31.388996,16/6/2018
189,רעים,34.455485,31.3883,16/6/2018
190,רעים‎,34.455142,31.387311,16/6/2018
191,עין השלושה‎,34.400253,31.350705,17/6/2018
192,גבים‎,34.578269,31.484601,16/6/2018
193,תל גמה‎‎‎‎,34.447117,31.387128,16/6/2018
194,נחל הבשור ,34.484711,31.321381,06/6/2018
195,מבקיעים,34.571743,31.626344,16/6/2018
196,ארז,34.563074,31.552866,16/6/2018
197,בארי,34.486771,31.433057,17/6/2018
198,ניר עם,34.570384,31.518941,15/6/2018
199,ניר עם‎,34.580197,31.517459,14/6/2018
200,ניר עם,34.565177,31.511496,16/6/2018
201,סעד‎,34.536231,31.466117,17/6/2018
202,כרם שלום,34.276485,31.223371,17/6/2018
203,בארי,34.46836,31.437671,17/6/2018
204,כיסופים,34.389782,31.372033,17/6/2018
205,עין השלושה,34.390297,31.356642,17/6/2018
206,עין השלושה,34.385834,31.355323,17/6/2018
207,יכיני,34.604112,31.476805,18/6/2018
208,כיסופים,34.412098,31.391158,18/6/2018
209,נחל עוז,34.491062,31.471571,18/6/2018
210,בין נחל עוז לאלומים,34.500504,31.464982,18/6/2018
211,אור הנר‎,34.605818,31.559613,18/6/2018
212,אור הנר‎‎,34.608929,31.559522,18/6/2018
213,גבים,34.592176,31.498266,18/6/2018
214,כרמיה,34.543247,31.615527,19/6/2018
215,נחל עוז,34.48823,31.477354,19/6/2018
216,עין השלושה,34.400168,31.356935,19/6/2018
217,סופה,34.341652,31.236582,19/6/2018
218,כיסופים,34.404802,31.394235,19/6/2018
219,כיסופים‎,34.402828,31.395407,19/6/2018
220,כיסופים,34.402227,31.392989,19/6/2018
221,כיסופים,34.417076,31.386908,19/6/2018
222,כיסופים,34.41639,31.390571,19/6/2018
223,כיסופים,34.418106,31.394967,19/6/2018
224,בארי,34.479733,31.440234,19/6/2018
225,בארי,34.481964,31.439209,19/6/2018
226,בארי,34.485397,31.437305,19/6/2018
227,בארי,34.485912,31.441113,19/6/2018
228,כיסופים,34.396133,31.3809,20/6/2018
229,כיסופים,34.386177,31.386615,20/6/2018
230,ניר עם‎,34.581783,31.498251,20/6/2018
231,ניר עם,34.581293,31.513008,21/6/2018
232,ניר עם‎‎,34.571935,31.529847,21/6/2018
233,יכיני,34.590197,31.48299,21/6/2018
234,נחל עוז,34.490805,31.474572,21/6/2018
235,כיסופים,34.39373,31.371446,21/6/2018
236,נחל עוז,34.487972,31.47406,21/6/2018
237,עין השלושה,34.394932,31.352757,21/6/2018
238,בארי,34.478359,31.427345,21/6/2018
239,אורים,34.515953,31.308769,21/6/2018
240,גבים,34.589126,31.485775,21/6/2018
241,גבים,34.579783,31.462282,21/6/2018
242,יער שוקדה,34.518528,31.424269,21/6/2018
243,יער בארי‎,34.471298,31.436711,22/6/2018
244,ניר עם,34.578524,31.5258,23/6/2018
245,ניר עם,34.574155,31.492683,23/6/2018
246,גבעת יהודה,34.462094,31.449058,23/6/2018
247,נחביר‎‎,34.466048,31.431204,23/6/2018
248,כיסופים,34.396648,31.385003,23/6/2018
249,אבוקדו גבים,34.585894,31.485494,23/6/2018
250,בארי,34.473553,31.429396,24/6/2018
251,ניר עם‎,34.569511,31.523459,24/6/2018
252,כיסופים,34.394245,31.377675,24/6/2018
253,נירים,34.382315,31.32688,24/6/2018
254,סופה,34.335365,31.238197,24/6/2018
255,חולית,34.322662,31.235848,24/6/2018
256,בארי,34.464455,31.427198,24/6/2018
257,זיקים,34.513722,31.605002,24/6/2018
258,דורות,34.638863,31.508752,24/6/2018
259,נחל עוז,34.485054,31.470985,24/6/2018
260,כפר עזה,34.533548,31.48826,24/6/2018
261,מפלסים,34.555607,31.502824,24/6/2018
262,כפר מימון‎,34.535093,31.442724,24/6/2018
263,ניר עם,34.570177,31.517908,24/6/2018
264,כיסופים,34.385319,31.374304,25/6/2018
265,רעים‎,34.448319,31.389839,25/6/2018
266,כרם שלום,34.277945,31.225427,25/6/2018
267,תלמי אליהו,34.428771,31.229005,25/6/2018
268,סעד‎,34.534085,31.465641,25/6/2018
269,כיסופים,34.384804,31.379727,26/6/2018
270,סעד ,34.532969,31.47018,26/6/2018
271,בארי,34.489002,31.437891,26/6/2018
272,כפר עזה,34.536467,31.477244,26/6/2018
273,יער שמחוני,34.523523,31.477028,26/6/2018
274,נחל עוז,34.488788,31.471754,26/6/2018
275,עלומים‎‎,34.494066,31.451438,8/6/2018
276,עלומים‎‎‎‎,34.497328,31.462383,8/6/2018
277,יבול ,34.309273,31.200175,26/06/2018
278,שדי אברהם ,34.339829,31.219261,25/06/2018
279,עמיעוז,34.41124,31.250965,26/06/2018
280,עין הבשור ,34.441109,31.290727,16/06/2018
281,בארי ,34.484196,31.41797,25/06/2018
282,יער כיסופים,34.406605,31.391158,27/6/2018
283,חלקה לד' במושבי הנגב,34.530587,31.439722,27/6/2018
284,יער שוקדה,34.520416,31.427784,28/6/2018
285,עלומים‎‎‎‎‎‎,34.507284,31.453415,28/6/2018
286,בארי,34.469433,31.423243,29/6/2018
287,0,34.461193,31.4313,29/6/2018
288,כיסופים,34.382057,31.373425,29/6/2018
289,יער שוקדה,34.515781,31.426173,29/6/2018
290,כיסופים,34.400253,31.380606,29/6/2018
291,אבשלום,34.329694,31.197719,29/6/2018
292,נחל עוז,34.502006,31.471278,29/6/2018
293,נחל עוז‎,34.493122,31.475378,29/6/2018
294,עלומים‎‎,34.496255,31.463445,29/6/2018
295,נחל עוז‎‎,34.495869,31.477866,29/6/2018
296,ניר יצחק,34.351459,31.239444,30/6/2018
297,ניר עם,34.572601,31.521264,30/6/2018
298,כיסופים,34.382229,31.377089,30/6/2018
299,כיסופים,34.399824,31.383977,1/7/2018
300,בארי,34.473038,31.434229,1/7/2018
301,סעד‎,34.529858,31.473072,1/7/2018
302,נחל עוז,34.497757,31.481526,1/7/2018
303,ניר יצחק,34.352531,31.248177,1/7/2018
304,נתיב העשרה ‎‎‎,34.535008,31.575976,2/7/2018
305,יתד,34.325409,31.205754,2/7/2018
306,נחל שיקמה‎‎,34.707585,31.483811,2/7/2018
307,כיסופים,34.387636,31.378042,3/7/2018
308,כיסופים,34.387121,31.375843,3/7/2018
309,בארי,34.46866,31.430567,3/7/2018
310,בארי,34.464712,31.429762,3/7/2018
311,נחל עוז,34.49235,31.473108,3/7/2018
312,נחל עוז,34.489517,31.473694,3/7/2018
313,כפר מימון‎,34.542646,31.439429,3/7/2018
314,יער שוקדה,34.522305,31.425807,3/7/2018
315,כיסופים,34.396992,31.387348,4/7/2018
316,נחל הבשור,34.481621,31.326367,4/7/2018
317,בארי,34.470806,31.429322,4/7/2018
318,תקומה,34.576626,31.451721,4/7/2018
319,נחל עוז,34.492028,31.475634,4/7/2018
320,ניר עם,34.570799,31.521264,4/7/2018
321,נחל גרר‎‎‎,34.481675,31.386545,4/7/2018
322,בין רוחמה לדורות‎‎,34.674397,31.506703,5/7/2018
323,יער שמחוני,34.524617,31.476974,5/7/2018
324,גבים,34.603629,31.505166,5/7/2018
325,יכיני‎,34.596226,31.483466,5/7/2018
326,ניר עם,34.58451,31.515959,5/7/2018
327,ניר עם,34.566078,31.521008,5/7/2018
328,כביש 34,34.579961,31.527648,5/7/2018
329,נחל גרר,34.50737,31.377089,5/7/2018
330,עלומים,34.499989,31.452243,5/7/2018
331,בארי‎,34.479046,31.431446,5/7/2018
332,מאגר שיקמה,34.516232,31.600707,5/7/2018
333,אור הנר,34.607363,31.556633,6/7/2018
334,אור הנר‎,34.602814,31.553817,6/7/2018
335,Havat Shikmim,34.633864,31.511275,6/7/2018
336,חוות השיקמים,34.634228,31.512996,6/7/2018
337,יכיני,34.601462,31.481636,6/7/2018
338,יכיני,34.600775,31.48246,6/7/2018
339,חורשת ארז,34.564568,31.551692,6/7/2018
340,Asaf Siboni Observation Point,34.561754,31.518724,6/7/2018
341,ברור חיל,34.646308,31.559138,6/7/2018
342,שמורת גברעם,34.61204,31.583611,6/7/2018
343,שדרות - רכס כורכר,34.583931,31.55016,6/7/2018
344,נחל הבשור,34.485912,31.292781,6/7/2018
345,אור הנר‎‎,34.607449,31.554549,6/7/2018
346,מצפור אסף סיבוני‎,34.561754,31.518724,7/7/2018
347,ניר עם,34.578481,31.522471,7/7/2018
348,אור הנר,34.594231,31.549136,7/7/2018
349,בארי,34.464369,31.440014,7/7/2018
350,נחל שיקמה,34.704324,31.489227,7/7/2018
351,ניר עם,34.579768,31.523861,7/7/2018
352,נחל עוז,34.487629,31.473035,7/7/2018
353,ארז,34.564018,31.55645,7/7/2018
354,כפר עזה,34.528656,31.488041,7/7/2018
355,כיסופים,34.391327,31.374781,7/7/2018
356,איבים,34.607964,31.534543,8/7/2018
357,ניר עם,34.57273,31.524374,8/7/2018
358,איבים,34.609809,31.534652,8/7/2018
359,ניר עם,34.577751,31.520532,8/7/2018
360,ניר עם,34.577794,31.519069,8/7/2018
361,כפר עזה,34.530072,31.488114,8/7/2018
362,נחל עוז,34.493079,31.477317,8/7/2018
363,ארז,34.556809,31.556158,8/7/2018
364,עין השלושה‎,34.396734,31.3466,9/7/2018
365,גברעם,34.609605,31.589594,9/7/2018
366,אור הנר,34.606365,31.559065,9/7/2018
367,אור הנר,34.607352,31.558087,9/7/2018
368,ניר עם,34.562666,31.520295,9/7/2018
369,יכיני,34.595068,31.483503,9/7/2018
370,גבים,34.598436,31.503282,9/7/2018
371,אור הנר,34.606451,31.556066,10/7/2018
372,כיסופים,34.40712,31.37315,10/7/2018
373,סעד,34.535823,31.465641,10/7/2018
374,בארי,34.48868,31.427931,10/7/2018
375,שובה,34.538999,31.455831,10/7/2018
376,סופה,34.339914,31.238417,11/7/2018
377,כיסופים,34.394417,31.375624,11/7/2018
378,יכיני,34.598265,31.480355,11/7/2018
379,בית הגדי,34.608908,31.425514,11/7/2018
380,בארי,34.479132,31.424635,11/7/2018
381,כרם שלום,34.28052,31.226417,11/7/2018
382,שובה,34.541273,31.456856,11/7/2018
383,בארי,34.491663,31.42859,11/7/2018
384,בארי,34.482222,31.422291,21/7/2018
385,בארי,34.479303,31.421998,11/7/2018
386,בארי,34.47175,31.424488,21/7/2018
387,בארי,34.469004,31.426466,11/7/2018
388,גילת,34.647102,31.323507,11/7/2018
389,כיסופים,34.391842,31.377529,11/7/2018
390,כיסופים,34.387207,31.372033,11/7/2018
391,ברור חיל,34.641609,31.553086,11/7/2018
392,ניר עם,34.573116,31.520167,11/7/2018
393,נחל גרר,34.618349,31.382621,11/7/2018
394,נחל הבשור,34.477501,31.344841,11/7/2018
395,נחל עוז,34.497156,31.476695,12/7/2018
396,נחל עוז,34.493036,31.471974,12/7/2018
397,כפר עזה,34.537904,31.482862,12/7/2018
398,כפר עזה,34.537776,31.483649,12/7/2018
399,כפר עזה,34.530566,31.486998,12/7/2018
400,מפלסים,34.556465,31.499238,12/7/2018
401,חוות שקמים,34.632286,31.512484,12/7/2018
402,יכיני,34.603243,31.481417,12/7/2018
403,יכיני - גבים,34.598436,31.494555,12/7/2018
404,ניר עם,34.568396,31.52024,12/7/2018
405,יער בארי,34.469476,31.435547,12/7/2018
406,יער בארי,34.469905,31.437561,12/7/2018
407,אור הנר,34.605475,31.55294,13/7/2018
408,אור הנר,34.609852,31.553817,13/7/2018
409,אור הנר,34.595776,31.546357,13/7/2018
410,ניר עם,34.572988,31.516691,13/7/2018
411,ניר עם,34.574661,31.516142,13/7/2018
412,ארז,34.565949,31.556304,13/7/2018
413,ארז,34.562044,31.557035,13/7/2018
414,כפר עזה,34.538913,31.485625,13/7/2018
415,כפר עזה,34.532347,31.488297,13/7/2018
416,נחל עוז,34.492993,31.470436,13/7/2018
417,נחל עוז,34.489689,31.470546,13/7/2018
418,גברעם,34.615088,31.583946,13/7/2018
419,ברור חיל,34.647446,31.552354,13/7/2018
420,שובה,34.542046,31.452609,13/7/2018
421,Gvulot,34.459992,31.208103,16/7/2018
422,Shikma,34.52385,31.602224,16/7/2018
423,Yesha,34.403172,31.250085,16/7/2018
424,Kissufim,34.384632,31.383977,16/7/2018
425,Erez,34.557324,31.559229,16/7/2018
426,Reim,34.452095,31.390571,16/7/2018
427,Ein Hashlosha,34.390125,31.351878,16/7/2018
428,Ein Hashlosha,34.392185,31.349092,16/7/2018
429,Alumim,34.503422,31.454293,16/7/2018
430,Beeri,34.478531,31.437012,16/7/2018
431,Gevim,34.600925,31.508752,16/7/2018
432,Kissufim,34.393044,31.383831,16/7/2018
433,Beeri,34.481621,31.429103,16/7/2018
434,Nachal Oz,34.495697,31.467179,16/7/2018
435,Nirim,34.38858,31.331499,16/7/2018
436,Ein Hashlosha,34.395962,31.350119,16/7/2018
437,Gvaram,34.615002,31.58731,14/7/2018
438,Gvaram,34.618435,31.587017,14/7/2018
439,Or Haner,34.611397,31.556889,14/7/2018
440,Alumim,34.510288,31.460004,17/7/2018
441,Nachal Oz,34.490032,31.472559,17/7/2018
442,Simchoni Forest,34.521489,31.475048,17/7/2018
443,Beeri,34.483938,31.428224,17/7/2018
444,Kissufim,34.403,31.377675,17/7/2018
445,Reim,34.442825,31.388373,17/7/2018
446,Nir Yitzack,34.342232,31.247443,17/7/2018
447,Mefalsim,34.552345,31.502532,17/7/2018
448,אור הנר‎‎‎,34.604487,31.554695,18/7/2018
449,בארי,34.474583,31.418849,18/7/2018
450,בארי,34.469605,31.418116,18/7/2018
451,shuva,34.542604,31.450962,17/7/2018
452,Shuva,34.543805,31.451767,18/7/2018
453,Dekel,34.351931,31.194522,18/7/2018
454,Beeri,34.474239,31.436939,18/7/2018
455,Sderot,34.585733,31.538822,18/7/2018
456,Sderot,34.588223,31.539042,18/7/2018
457,Sderot,34.584618,31.545479,18/7/2018
458,Sderot,34.587193,31.545625,18/7/2018
459,Nachal Oz,34.499989,31.475524,18/7/2018
460,Nachal Oz,34.50222,31.474792,18/7/2018
461,Nachal Oz ,34.49295,31.481819,18/7/2018
462,Nachal Oz,34.494324,31.481966,18/7/2018
463,Beeri-Reim,34.455528,31.403173,18/7/2018
464,Beeri-Reim,34.435272,31.409912,18/7/2018
465,Beeri-Reim,34.462738,31.403466,18/7/2018
466,Beeri-Reim,34.443169,31.404931,18/7/2018
467,Beeri-Reim,34.458275,31.398191,18/7/2018
468,Beeri-Reim,34.453125,31.416651,18/7/2018
469,Beeri - Reim,34.449348,31.402294,18/7/2018
470,Beeri-Reim,34.445915,31.400242,18/7/2018
471,Kissufim,34.386692,31.380606,18/7/2018
472,Kissufim,34.384031,31.382292,18/7/2018
473,Ein Habsor,34.445229,31.28706,18/7/2018
474,Ein Habsor,34.442139,31.28706,18/7/2018
475,כרמיה,34.540844,31.600469,24/7/2018
476,זיקים,34.515953,31.609095,24/7/2018
477,נחל עוז,34.482994,31.473182,24/7/2018
478,רעים,34.45055,31.389765,25/7/2018
479,נחל הבשור‎,34.478359,31.33883,25/7/2018
480,מושב זהר,34.688988,31.596375,25/7/2018
481,גברעם,34.613822,31.589046,25/7/2018
482,מאגר נירים‎,34.459927,31.362872,25/7/2018
483,בארי,34.467545,31.42588,25/7/2018
484,כיסופום‎,34.397507,31.371886,25/7/2018
485,ניר עם,34.571056,31.516435,26/7/2018
486,רעים,34.452438,31.384417,26/7/2018
487,אור הנר,34.599209,31.551477,27/7/2018
488,ארז,34.561615,31.554987,27/7/2018
489,ניר עם,34.568138,31.521923,27/7/2018
490,כפר עזה,34.526424,31.488553,27/7/2018
491,סעד,34.528399,31.472157,27/7/2018
492,כפר עזה,34.52621,31.485186,27/7/2018
493,כפר עזה,34.526339,31.486394,27/7/2018
494,כפר עזה,34.525824,31.484381,27/7/2018
495,כפר עזה,34.524622,31.486028,27/7/2018
496,נחל עוז,34.504108,31.472816,27/7/2018
497,נחל עוז,34.499302,31.481087,27/7/2018
498,גברעם,34.607964,31.585774,27/7/2018
499,בארי,34.471836,31.441113,27/7/2018
500,כיסופים,34.378796,31.370201,27/7/2018
501,גבים,34.604209,31.506227,28/7/2018
502,ניר עם,34.574661,31.514898,28/7/2018
503,ניר עם,34.568911,31.515557,28/7/2018
504,תקומה,34.576078,31.448728,28/7/2018
505,מפלסים,34.559684,31.507032,28/7/2018
506,זיקים,34.525088,31.607533,29/7/2018
507,ארז‎,34.570112,31.551988,29/7/2018
508,בית הגדי,34.60717,31.422822,29/7/2018
509,בארי‎,34.470656,31.436431,29/7/2018
510,גבים,34.604552,31.505806,29/7/2018
511,סעד,34.537497,31.465934,29/7/2018
512,כיסופים,34.407806,31.378994,29/7/2018
513,עין השלושה,34.39652,31.349129,29/7/2018
514,ניר עם פרדס,34.569276,31.516148,30/7/2018
515,ניר עם,34.569156,31.516103,29/7/2018
516,ניר עם,34.581142,31.516581,25/7/2018
517,ניר עם,34.575338,31.522202,22/7/2018
518,בארי ,34.483981,31.424928,30/7/2018
519,בארי,34.482544,31.425587,30/7/2018
520,כרמיה,34.5374,31.603101,30/7/2018
521,שוקדה,34.518571,31.423463,30/7/2018
522,רעים,34.457524,31.391286,30/7/2018
523,סעד,34.526682,31.468862,30/7/2018
524,דורות,34.639635,31.506831,30/7/2018
525,ניר עם,34.575326,31.520285,31/7/2018
526,ניר עם,34.575155,31.519737,31/7/2018
527,תלמים,34.669247,31.56135,31/7/2018
528,ארז,34.559019,31.560857,31/7/2018
529,חולית,34.322383,31.232289,30/7/2018
530,שוקדה,34.520137,31.421815,31/7/2018
531,כיסופים,34.405124,31.377016,31/7/2018
532,כיסופים,34.405468,31.376375,31/7/2018
533,מעגלים,34.587536,31.403905,31/7/2018
534,גבים,34.603436,31.504306,31/7/2018
535,גבים,34.604294,31.504745,31/7/2018
536,נחל עוז,34.492672,31.473804,31/7/2018
537,רוחמה,34.699695,31.496512,31/7/2018
538,בארי,34.48911,31.429103,31/7/2018
539,בארי,34.488208,31.42892,31/7/2018
540,בארי,34.487758,31.428462,31/7/2018
541,כפר מימון,34.532497,31.431977,31/7/2018
542,ניר יצחק,34.349227,31.238105,31/7/2018
543,ניר עם,34.565527,31.507129,1/8/2018
544,גבים,34.593488,31.50099,31/7/2018
545,מפלסים‎,34.562837,31.505056,1/8/2018
546,מפלסים,34.570434,31.503172,1/8/2018
547,נחל עוז,34.491427,31.473932,1/8/2018
548,גבים,34.593437,31.511039,1/8/2018
549,עין השלושה,34.40285,31.354242,1/8/2018
550,גבים,34.599715,31.507208,2/8/2018
551,אור הנר,34.606923,31.556651,2/8/2018
552,סעד,34.528742,31.468167,2/8/2018
553,ארז,34.559941,31.561186,2/8/2018
554,כיסופים,34.402785,31.376833,2/8/2018
555,רעים,34.455957,31.389765,2/8/2018
556,גברעם,34.608243,31.591367,2/8/2018
557,עין השלושה,34.381456,31.357595,3/8/2018
558,כיסופים,34.379997,31.378115,3/8/2018
559,ניר יצחק,34.346094,31.255955,3/8/2018
560,תלמי יוסף,34.353905,31.203423,3/8/2018
561,מפלסים,34.554834,31.508898,3/8/2018
562,יד מרדכי,34.556551,31.575757,3/8/2018
563,בין כרמיה לזיקים,34.534836,31.60639,3/8/2018
564,כרמיה,34.537754,31.597764,3/8/2018
565,אור הנר,34.602331,31.554457,3/8/2018
566,בארי,34.48441,31.423957,4/8/2018
567,בארי,34.482586,31.423701,4/8/2018
568,כיסופים,34.395404,31.376448,4/8/2018
569,ארז,34.559341,31.559833,4/8/2018
570,שדרות,34.594284,31.523047,4/8/2018
571,ניר עם,34.572172,31.526239,5/8/2018
572,בארי,34.493551,31.430714,5/8/2018
573,רעים,34.460421,31.390645,5/8/2018
574,כיסופים,34.389353,31.367489,5/8/2018
575,מפלסים,34.566359,31.48614,6/8/2018
576,ניר עם,34.574908,31.524792,5/8/2018
577,שוקדה,34.520352,31.421174,7/8/2018
578,ניר עם,34.576024,31.518996,7/8/2018
579,יכיני,34.598834,31.489285,7/8/2018
580,גבים,34.60144,31.50191,7/8/2018
581,אור הנר,34.605475,31.555445,7/8/2018
582,אור הנר,34.605453,31.554951,7/8/2018
583,כיסופים,34.393902,31.374396,7/8/2018
584,מפלסים‎‎,34.569018,31.51016,10/8/2018
585,שוקדה,34.518549,31.4222,10/8/2018
586,רעים,34.457009,31.390315,10/8/2018
587,נחל עוז,34.492714,31.476567,10/8/2018
588,עלומים,34.508464,31.454641,10/8/2018
589,שיבלים,34.606504,31.39929,10/8/2018
590,הבשור,34.489346,31.291167,10/8/2018
591,שדרות,34.590111,31.540358,10/8/2018
592,שוקדה,34.51252,31.424562,11/8/2018
593,רעים,34.455378,31.380863,11/8/2018
594,מפלסים,34.56905,31.503181,11/8/2018
595,נחל עוז,34.491041,31.475634,11/8/2018
596,עלומים,34.509323,31.453854,11/8/2018
597,שיבולים,34.606397,31.398228,11/8/2018
598,נחל הבשור,34.476873,31.334216,11/8/2018
599,שדרות,34.586957,31.523349,11/8/2018
600,ארז,34.55992,31.559376,12/8/2018
601,בארי,34.484217,31.423573,12/8/2018
602,נחל עוז,34.489453,31.474829,12/8/2018
603,שדרות,34.586957,31.522142,12/8/2018
604,כרמיה,34.537904,31.603887,12/8/2018
605,תל גמה,34.443297,31.381522,13/8/2018
606,נחל עוז,34.492564,31.475908,14/8/2018
607,עלומים,34.511303,31.453354,15/8/2018
608,מפלסים,34.556165,31.508203,17/8/2018
609,נחל עוז,34.48823,31.469302,17/8/2018
610,כיסופים,34.405983,31.377877,17/8/2018
611,רעים,34.448147,31.392989,17/8/2018
612,עלומים,34.51031,31.453268,17/8/2018
613,יער בארי,34.470806,31.43097,17/8/2018
614,ארז,34.559984,31.562155,19/8/2018
615,יער בארי‎,34.468038,31.438742,19/8/2018
616,אור הנר,34.606526,31.556441,19/8/2018
617,תקומה,34.573202,31.44763,22/8/2018
618,ארז,34.559898,31.55528,22/8/2018
619,החץ השחור,34.551836,31.507887,24/8/2018
620,סעד,34.541702,31.471059,24/8/2018
621,כפר עזה,34.538698,31.489578,24/8/2018
622,אגם ניצנים‎,34.607084,31.741672,26/8/2018
623,סעד,34.528399,31.470949,27/8/2018
624,סעד‎,34.527884,31.469082,27/8/2018
625,שוקדה,34.511147,31.428956,27/8/2018
626,שוקדה,34.509773,31.427821,27/8/2018
627,יער בארי‎‎,34.470334,31.433533,27/8/2018
628,תלמי יוסף‎,34.363475,31.203075,27/8/2018
629,נחל גרר,34.497242,31.378262,28/8/2018
630,בין בארי לרעים‎‎,34.475269,31.409033,28/8/2018
631,שוקדה,34.510202,31.42566,28/8/2018
632,בארי,34.46351,31.432179,28/8/2018
633,כפר עזה,34.536209,31.488151,28/8/2018
634,יער בארי,34.470221,31.436472,30/8/2018
635,יער בארי‎,34.466772,31.438623,31/8/2018
636,נחל עוז,34.492972,31.474353,1/9/2018
637,בארי,34.487371,31.427583,1/9/2018
638,מפלסים‎,34.573288,31.510142,3/9/2018
639,בארי,34.484239,31.425532,3/9/2018
640,ניר עם,34.575498,31.521593,3/9/2018
641,כרם שלום,34.287858,31.232087,4/9/2018
642,יער שוקדה,34.512135,31.426986,7/9/2018
643,כרם שלום,34.285416,31.233526,7/9/2018
644,סעד,34.528946,31.467481,8/9/2018
645,נחל עוז,34.501678,31.481654,13/9/2018
646,יער בארי,34.470354,31.436748,13/9/2018
647,יער שוקדה,34.511781,31.426865,14/9/2018
648,יער שוקדה,34.511068,31.427126,14/9/2018
649,בארי,34.46187,31.441414,16/9/2018
650,בארי,34.459295,31.437972,16/9/2018
651,בארי,34.465561,31.442366,16/9/2018
652,יער אנזק בארי,34.458865,31.445771,19/9/2018
653,יער בארי,34.470794,31.436643,19/9/2018
654,כיסופים,34.395122,31.375921,19/9/2018
655,יער כיסופים,34.40377,31.377771,19/9/2018
656,בארי,34.485013,31.430633,20/9/2018
657,ניר עם,34.58515,31.516767,20/9/2018
658,גבים,34.587665,31.512798,20/9/2018
659,ניר עם,34.581765,31.52253,20/9/2018
660,בארי,34.482674,31.442168,20/9/2018
661,בארי,34.47894,31.442131,20/9/2018
662,בארי,34.483232,31.445719,20/9/2018
663,ניר עם,34.566787,31.523151,20/9/2018
664,גבים,34.592193,31.503995,20/9/2018
665,נחל עוז,34.493463,31.471188,21/9/2018
666,בין בארי לכיסופים,34.429143,31.411663,21/9/2018
667,ניר עם,34.578805,31.521851,21/9/2018
668,יער שוקדה‎‎,34.512044,31.426654,21/9/2018
669,יער בוהו,34.533881,31.416329,21/9/2018
670,בארי,34.485957,31.426129,22/9/2018
671,כיסופים,34.393753,31.386225,22/9/2018
672,בארי,34.483532,31.435811,22/9/2018
673,ניר יצחק,34.352691,31.240636,22/9/2018
674,יער בוהו,34.537229,31.417941,22/9/2018
675,נחל גרר‎‎,34.578675,31.35945,23/9/2018
676,יער שוקדה,34.512361,31.427043,23/9/2018
677,יער בארי,34.480049,31.433106,23/9/2018
678,כיסופים,34.408037,31.385076,23/9/2018
679,בארי,34.487566,31.42644,24/9/2018
680,כיסופים,34.392032,31.378596,24/9/2018
681,ניר יצחק,34.350845,31.241902,24/9/2018
682,נחל עוז‎,34.492047,31.479479,24/9/2018
683,יער שמחוני‎,34.525327,31.47763,24/9/2018
684,בארי,34.479751,31.429226,24/9/2018
685,יער שמחוני,34.497969,31.476477,24/9/2018
686,כיסופים,34.389821,31.383221,24/9/2018
687,בארי,34.475449,31.441281,24/9/2018
688,ארז‎,34.560259,31.552869,25/9/2018
689,בארי,34.470137,31.440269,25/9/2018
690,כיסופים,34.38259,31.378663,25/9/2018
691,ניר יצחק,34.376104,31.247574,25/9/2018
692,כיסופים,34.38267,31.380675,25/9/2018
693,בארי,34.466425,31.44036,25/9/2018
694,בארי,34.464408,31.441459,25/9/2018
695,עלומים,34.510895,31.455678,25/9/2018
696,נחל הבשור,34.479154,31.342301,25/9/2018
697,יכיני,34.593773,31.483592,25/9/2018
698,כיסופים‎,34.39377,31.376965,26/9/2018
699,בארי,34.482964,31.430363,26/9/2018
700,כפר עזה‎,34.530549,31.480181,26/9/2018
701,נחל עוז,34.495179,31.477758,26/9/2018
702,בארי,34.481082,31.431572,26/9/2018
703,ניר עם,34.576316,31.521723,27/9/2018
704,עלומים,34.508535,31.456154,27/9/2018
705,תל גמה,34.447393,31.385617,27/9/2018
706,יער כיסופים‎,34.404434,31.392944,27/9/2018
707,יכיני,34.595254,31.485083,28/9/2018
708,ניר יצחק,34.348163,31.242424,28/9/2018
709,כפר עזה,34.528074,31.487077,28/9/2018
710,ניר עם,34.575189,31.521238,28/9/2018
711,שובה,34.542736,31.453183,28/9/2018
712,סעד‎,34.531327,31.473438,28/9/2018
713,כיסופים,34.392483,31.37353,29/9/2018
714,נחל עוז,34.493763,31.477402,29/9/2018
715,נחל עוז,34.492047,31.477182,29/9/2018
716,כפר עזה,34.527666,31.486163,29/9/2018
717,כיסופים ,34.393341,31.375692,30/9/2018
718,עין השלושה,34.394141,31.352049,30/9/2018
719,בארי,34.473142,31.427377,1/10/2018
720,"בין כיסופים לעה""ש",34.385086,31.363299,1/10/2018
721,כפר מימון,34.529963,31.433019,1/10/2018
722,בארי,34.460783,31.429358,1/10/2018
723,בארי,34.460097,31.427453,1/10/2018
724,בארי,34.456282,31.430309,2/10/2018
725,סעד,34.531603,31.475135,2/10/2018
726,מפלסים,34.559748,31.505197,2/10/2018
727,כיסופים,34.396999,31.379574,2/10/2018
728,פרי גן,34.355981,31.222803,2/10/2018
729,יד מרדכי,34.554555,31.587502,2/10/2018
730,רעים,34.462963,31.388939,2/10/2018
731,נחל עוז,34.493077,31.474885,2/10/2018
732,בארי,34.457988,31.427554,2/10/2018
733,סעד,34.528117,31.468519,2/10/2018
734,כפר עזה,34.528996,31.485312,3/10/2018
735,כפר עזה,34.530949,31.489026,3/10/2018
736,כפר עזה,34.532022,31.484543,3/10/2018
737,נחל עוז‎,34.49474,31.478706,3/10/2018
738,כפר עזה,34.528868,31.484378,4/10/2018
739,כפר עזה,34.531979,31.487215,4/10/2018
740,החץ השחור,34.553035,31.507158,4/10/2018
741,סעד,34.531671,31.466877,4/10/2018
742,שובה,34.542693,31.45182,4/10/2018
743,סעד,34.53107,31.466438,5/10/2018
744,כפר עזה,34.530048,31.486721,5/10/2018
745,ניר עם,34.575951,31.519839,5/10/2018
746,עין הבשור,34.465241,31.283279,6/10/2018
747,בארי,34.48703,31.425671,6/10/2018
748,כיסופים,34.396646,31.378394,6/10/2018
749,תל גמה,34.446342,31.386869,6/10/2018
750,גבים,34.597322,31.504157,9/10/2018
751,כפר עזה,34.534425,31.48866,9/10/2018
752,גבים,34.52979,31.487526,9/10/2018
753,יער כיסופים‎,34.414711,31.387632,9/10/2018
754,בארי,34.485077,31.426953,9/10/2018
755,ניר עם,34.57637,31.522299,10/10/2018
756,גבים,34.597729,31.503608,10/10/2018
757,יער כיסופים,34.404928,31.377551,10/10/2018
758,בלון נפץ - מושב קוממיות,34.726181,31.662822,10/10/2018
759,יער שוקדה,34.513726,31.428714,10/10/2018
760,יער בארי,34.46927,31.436652,10/10/2018
761,רעים,34.482804,31.349561,10/10/2018
762,שמורת קרמיה‎‎‎,34.527942,31.601859,11/10/2018
763,בארי,34.48497,31.425818,11/10/2018
764,רעים,34.453178,31.391137,11/10/2018
765,ניר עם,34.575812,31.521275,11/10/2018
766,אור הנר,34.591526,31.554104,12/10/2018
767,ארז‎,34.579687,31.557465,12/10/2018
768,רוחמה,34.699559,31.497769,12/10/2018
769,כרמיה,34.541336,31.602262,12/10/2018
770,כרמיה,34.543187,31.5991,12/10/2018
771,עלומים,34.513406,31.456502,12/10/2018
772,בארי,34.485571,31.426614,13/10/2018
773,תקומה,34.572949,31.451646,13/10/2018
774,ברכיה,34.619392,31.665659,13/10/2018
775,גבעת ברנר,34.794641,31.868877,13/10/2018
776,גברעם,34.623605,31.579701,14/10/2018
777,אור הנר,34.598503,31.547191,14/10/2018
778,בארי,34.468045,31.441587,14/10/2018
779,בארי,34.418938,31.418777,14/10/2018
780,כיסופים,34.378481,31.372173,14/10/2018
781,צומת חלץ,34.651284,31.575942,14/10/2018
782,בית אלעזרי,34.806627,31.844717,14/10/2018
783,תקומה,34.578414,31.45921,14/10/2018
784,כיסופים‎‎,34.379554,31.373858,14/10/2018
785,באר מרווה,34.525121,31.445276,15/10/2018
786,סעד,34.539106,31.469407,15/10/2018
787,שובה,34.527996,31.442495,16/10/2018
788,ניר עם,34.565396,31.513113,16/10/2018
789,יכיני,34.600778,31.477409,16/10/2018
790,בארי,34.440523,31.433259,16/10/2018
791,בארי,34.440643,31.433649,16/10/2018
792,עין השלושה,34.410144,31.355303,16/10/2018
793,כפר מימון,34.545309,31.426862,17/10/2018
794,סעד‎,34.544959,31.475597,18/10/2018
795,סעד,34.54272,31.474051,19/10/2018
796,בארי,34.482982,31.432626,19/10/2018
797,כפר עזה,34.544917,31.481806,19/10/2018
798,בארי,34.473722,31.447333,19/10/2018
799,מכללת ספיר,34.593504,31.510685,19/10/2018
800,זיקים,34.505333,31.589444,19/10/2018
801,בארי,34.463513,31.435236,20/10/2018
802,רעים,34.484266,31.399161,20/10/2018
803,יער כיסופים,34.415222,31.403611,20/10/2018
804,כפר עזה,34.545155,31.475627,20/10/2018
805,בין ברור חיל לדורות,34.666139,31.533889,20/10/2018
806,בארי,34.461646,31.435895,20/10/2018
807,מפלסים,34.557417,31.505056,21/10/2018
808,שדרות,34.595035,31.536908,21/10/2018
809,יער כיסופים,34.41658,31.386255,22/10/2018
810,ברור חיל,34.641359,31.554329,22/10/2018
811,ניר עם,34.575812,31.519524,22/10/2018
812,בארי,34.482241,31.427958,22/10/2018
813,כרם שלום,34.284333,31.231178,22/10/2018
814,גברעם‎‎,34.609563,31.588989,23/10/2018
815,תקומה,34.567763,31.459659,23/10/2018
816,יד מרדכי,34.566786,31.583873,23/10/2018
817,אל היען‎,34.602082,31.569255,23/10/2018
818,מפלסים‎‎,34.57329,31.503032,23/10/2018
819,יער שחוני,34.525683,31.471681,23/10/2018
820,אור הנר,34.60291,31.55441,23/10/2018
821,נחל עוז,34.49121,31.473009,23/10/2018
822,אור הנר ,34.612056,31.567444,24/10/2018
823,גברעם‎‎‎,34.608279,31.588623,24/10/2018
824,נתיב העשרה,34.539682,31.567715,24/10/2018
825,נחל שיקמה,34.598033,31.562818,24/10/2018
826,יער גברעם,34.620073,31.610085,24/10/2018
827,בארי,34.435507,31.415956,24/10/2018
828,זיקים,34.500405,31.601932,24/10/2018
829,אור הנר,34.607898,31.564734,24/10/2018
830,כיסופים,34.425782,31.381371,25/10/2018
831,אור הנר,34.624707,31.560497,25/10/2018
832,סעד,34.538451,31.464568,25/10/2018
833,נתיב העשרה,34.542409,31.5893,25/10/2018
834,כיסופים,34.426424,31.410721,30/10/2018
835,כיסופים,34.417007,31.41073,30/10/2018
836,עין הבדור,34.466635,31.281131,30/10/2018
837,בארי‎,34.463849,31.437315,31/10/2018
838,ניר יצחק,34.356547,31.244564,31/10/2018
839,אור הנר,34.600474,31.55484,31/10/2018
840,זיקים,34.517207,31.611213,31/10/2018
841,אור הנר‎,34.595728,31.576347,1/11/2018
842,אלומים‎,34.514711,31.453049,1/11/2018
843,גברעם,34.608522,31.590859,1/11/2018
844,יושיביה,34.604624,31.449897,4/11/2018
845,נתיב העשרה‎,34.527623,31.57851,9/11/2018
846,נחל עוז,34.486108,31.476405,24/12/2018
847,עלומים,34.501078,31.458215,24/12/2018
848,סופה,34.334981,31.250344,26/1/2019
849,כיסופים‎,34.386329,31.382661,19/2/2019
850,כיסופים,34.384527,31.385666,19/2/2019
851,עין הבשור,34.449362,31.279932,22/2/2019
852,יער בארי,34.466357,31.440649,11/3/2019
853,יער בארי,34.450494,31.429573,11/3/2019
854,כיסופים,34.418707,31.416602,20/3/2019
855,כיסופים,34.419596,31.409678,20/3/2019
856,כיסופים,34.376576,31.377726,21/3/2019
857,כיסופים,34.376576,31.374941,21/3/2019
858,נחל עוז,34.484928,31.473895,21/3/2019
859,נירים‎,34.384083,31.337829,22/3/2019
860,נירים‎,34.390993,31.334199,22/3/2019
861,מכתש בארי‎,34.475328,31.437264,22/3/2019
862,מ.א. אשכול‎,34.44176,31.341029,24/3/2019
863,נירים,34.3812,31.340565,27/3/2019
864,עין השלושה,34.378492,31.35364,28/3/2019
865,כפר עזה,34.52725,31.502167,28/4/2019
866,יער בארי,34.461526,31.439293,15/4/2019
867,יער שוקדה,34.514312,31.427209,15/4/2019
868,כיסופים,34.387839,31.384694,23/4/2019
869,כפר עזה,34.52226,31.488047,23/4/2019
870,נחל הבשור‎,34.438049,31.398416,27/4/2019
871,כפר מימון,34.538156,31.435961,28/4/2019
872,כפר עזה,34.528941,31.493685,29/4/2019
873,ניר עם,34.571909,31.522204,29/4/2019
874,נחל עוז,34.490241,31.478198,29/4/2019
875,יער בוהו,34.539896,31.41375,29/4/2019
876,נחל עוז,34.49525,31.47675,30/4/2019
877,עין השלושה‎,34.418858,31.369038,1/5/2019
878,פרק אשכול‎,34.507613,31.307698,1/5/2019
879,כפר מימון,34.534051,31.435068,3/5/2019
880,עלומים‎,34.522816,31.454905,3/5/2019
881,נחל עוז,34.507029,31.471134,3/5/2019
882,תקומה,34.571953,31.451199,3/5/2019
883,כרמיה,34.540447,31.609569,4/5/2019
884,נתיב העשרה,34.523919,31.581579,4/5/2019
885,ארז,34.563574,31.554594,5/5/2019
886,בארי,34.47534,31.435373,5/5/2019
887,כיסופים,34.393377,31.380678,5/5/2019
888,ניר עוז,34.395476,31.310794,6/5/2019
889,כרמיה,34.540899,31.597634,6/5/2019
890,ניר עוז,34.385355,31.312259,7/5/2019
891,"מו""פ דרום",34.36301,31.277017,10/5/2019
892,פרי גן,34.374142,31.213015,10/5/2019
893,נחל עוז,34.508028,31.474556,10/5/2019
894,יכיני,34.600318,31.488322,13/5/2019
895,מושב זרועה,34.624772,31.462771,13/5/2019
896,תקומה,34.581661,31.451463,13/5/2019
897,בארי,34.488103,31.429635,14/5/2019
898,עלומים,34.505748,31.459878,14/5/2019
899,עלומים‎,34.492778,31.455861,15/5/2019
900,רעים,34.507318,31.395759,15/5/2019
901,יער שמחוני,34.520583,31.474,15/5/2019
902,חניון רעים,34.472566,31.400569,15/5/2019
903,עלומים‎‎,34.48896,31.454708,15/5/2019
904,נחל עוז,34.485698,31.46968,15/5/2019
905,בארי,34.484926,31.44442,15/5/2019
906,כפר עזה,34.534536,31.491054,15/5/2019
907,ניר עם,34.572044,31.514764,15/5/2019
908,נתיבות,34.583674,31.446584,15/5/2019
909,נחל עוז,34.509694,31.476833,16/5/2019
910,ארז,34.559054,31.561894,16/5/2019
911,ניר עם,34.573331,31.525534,16/5/2019
912,תלמים,34.665684,31.567706,16/5/2019
913,נחל שקמה,34.521012,31.600592,16/5/2019
914,חנון רעים,34.471324,31.400822,16/5/2019
915,יער שוקדה,34.514646,31.42312,16/5/2019
916,יער שוקדה,34.518938,31.431909,16/5/2019
917,בארי,34.479825,31.434474,16/5/2019
918,בארי,34.475791,31.433376,16/5/2019
919,ניר עם,34.557583,31.512194,17/5/2019
920,נחל עוז,34.502947,31.463886,19/5/2019
921,בארי,34.449389,31.419389,21/5/2019
922,נתיבות,34.590261,31.429519,21/5/2019
923,עלומים‎,34.499023,31.449433,22/5/2019
924,עלומים‎,34.498583,31.447346,22/5/2019
925,עלומים,34.498835,31.446118,22/5/2019
926,עלומים‎,34.49844,31.446541,22/5/2019
927,בארי,34.458763,31.441562,22/5/2019
928,בארי,34.463626,31.453308,22/5/2019
929,בארי,34.459746,31.440689,22/5/2019
930,"מו""פ דרום",34.365278,31.277612,22/5/2019
931,כיסופים,34.401488,31.373752,22/5/2019
932,בארי,34.457703,31.439484,22/5/2019
933,בארי,34.461008,31.442889,22/5/2019
934,בארי,34.459162,31.442267,22/5/2019
935,נחל עוז,34.487328,31.471166,22/5/2019
936,ניר יצחק,34.342006,31.252114,22/5/2019
937,סופה,34.331706,31.242942,22/5/2019
938,יכיני‎‎,34.5955,31.464306,23/5/2019
939,בארי,34.459306,31.446694,23/5/2019
940,כרמיה‎‎,34.53902,31.608833,23/5/2019
941,יער בארי,34.463355,31.443051,23/5/2019
942,יער איבים,34.614221,31.532908,23/5/2019
943,יער בארי,34.470537,31.434754,23/5/2019
944,נחל עוז,34.51725,31.468429,23/5/2019
945,יער שמחוני,34.514328,31.466421,23/5/2019
946,יכיני‎‎,34.594914,31.484266,24/5/2019
947,סעד,34.536238,31.462482,24/5/2019
948,יכיני,34.589417,31.481167,24/5/2019
949,גבים,34.60216,31.510064,24/5/2019
950,כרמיה,34.539594,31.608377,24/5/2019
951,כפר עזה,34.537339,31.488883,24/5/2019
952,עלומים,34.515443,31.457462,25/5/2019
953,בארי,34.474587,31.449701,25/5/2019
954,רעים,34.461985,31.385949,25/5/2019
955,עלומים,34.507908,31.457571,26/5/2019
956,בארי,34.464083,31.42447,27/5/2019
957,נחל עוז,34.495902,31.480847,27/5/2019
958,יער בארי‎,34.470488,31.436768,28/5/2019
959,יער ברי,34.465982,31.430694,28/5/2019
960,יער שמחוני,34.521079,31.475493,29/5/2019
961,נחל עוז,34.486155,31.472712,29/5/2019
962,זיקים,34.515826,31.606708,29/5/2019
963,נתיבות,34.590261,31.426062,29/5/2019
964,יד מרדכי,34.563733,31.587834,30/5/2019
965,יער שמחוני,34.524816,31.47713,31/5/2019
966,בארי,34.438118,31.432388,31/5/2019
967,בארי,34.438214,31.431938,31/5/2019
968,נירים,34.402271,31.335073,1/6/2019
969,כיסופים,34.398368,31.37117,2/6/2019
970,כיסופים,34.406667,31.404361,2/6/2019
971,כיסופים,34.389068,31.381645,3/6/2019
972,כיסופים,34.388038,31.37996,3/6/2019
973,בארי,34.482901,31.440148,4/6/2019
974,נחל עוז,34.502338,31.471169,4/6/2019
975,בארי,34.481382,31.441063,4/6/2019
976,כיסופים,34.408643,31.377695,4/6/2019
977,כיסופים,34.407206,31.377292,4/6/2019
978,יושיביה,34.604561,31.442406,7/6/2019
979,יער בארי,34.49156,31.454424,7/6/2019
980,יער בארי,34.488569,31.457253,7/6/2019
981,מבקיעים,34.572735,31.623975,7/6/2019
982,עלומים,34.51229,31.456529,7/6/2019
983,בארי‎‎,34.463333,31.454056,9/6/2019
984,בארי,34.461361,31.452778,9/6/2019
985,כפר עזה,34.505619,31.4792,10/6/2019
986,מגן,34.447389,31.31225,10/6/2019
987,יער שמחוני‎,34.510611,31.469861,10/6/2019
988,כיסופים,34.39474,31.382677,10/6/2019
989,נחל עוז,34.50919,31.471842,10/6/2019
990,כיסופים,34.391971,31.385095,10/6/2019
991,בארי,34.488501,31.44529,11/6/2019
992,בארי,34.446336,31.424217,11/6/2019
993,באר מרווה,34.522014,31.443018,11/6/2019
994,בארי,34.481158,31.444247,11/6/2019
995,בארי,34.471288,31.449592,11/6/2019
996,כיסופים‎,34.389696,31.387513,11/6/2019
997,כיסופים,34.388666,31.385901,11/6/2019
998,חוות השקמים,34.632951,31.513353,11/6/2019
999,נחל עוז,34.512584,31.472457,12/6/2019
1000,בארי,34.472759,31.427597,12/6/2019
1001,בארי,34.4764,31.409229,12/6/2019
1002,בארי,34.462339,31.445602,12/6/2019
1003,כפר עזה,34.533556,31.490722,12/6/2019
1004,כפר עזה,34.520667,31.485639,12/6/2019
1005,בית הגדי‎‎‎,34.60258,31.428859,12/6/2019
1006,בארי,34.469448,31.431727,12/6/2019
1007,בארי,34.468149,31.431214,12/6/2019
1008,בארי,34.466604,31.432423,12/6/2019
1009,בארי,34.470886,31.436746,12/6/2019
1010,עלומים,34.507529,31.458546,12/6/2019
1011,יער שמחוני,34.520659,31.478294,13/6/2019
1012,סעד,34.54147,31.460662,13/6/2019
1013,כפר עזה‎,34.52959,31.481331,14/6/2019
1014,יער שמחוני,34.518217,31.475713,14/6/2019
1015,כפר עזה,34.52424,31.482598,14/6/2019
1016,עלומים,34.497849,31.459353,14/6/2019
1017,נחל עוז,34.487056,31.46325,14/6/2019
1018,בארי,34.478793,31.449778,14/6/2019
1019,נחל עוז,34.515778,31.472014,14/6/2019
1020,כפר עזה‎,34.513433,31.480298,14/6/2019
1021,כפר עזה‎,34.517917,31.490111,14/6/2019
1022,כפר עזה‎,34.509033,31.485245,14/6/2019
1023,יער שמחוני,34.523441,31.475197,14/6/2019
1024,יער כיסופים,34.426778,31.420472,14/6/2019
1025,יער בארי,34.453806,31.438056,14/6/2019
1026,יער בארי,34.455161,31.437016,14/6/2019
1027,יער בארי ,34.452543,31.435185,14/6/2019
1028,עלומים,34.488279,31.456203,15/6/2019
1029,כפר עזה,34.521475,31.48296,15/6/2019
1030,מגן,34.419575,31.301988,16/6/2019
1031,נחל עוז,34.488346,31.476128,16/6/2019
1032,עלומים,34.505684,31.455885,16/6/2019
1033,מבטחים‎,34.40284,31.238205,17/6/2019
1034,נחל עוז,34.497132,31.47753,17/6/2019
1035,עלומים,34.518861,31.461917,21/6/2019
1036,שמורת בארי,34.475361,31.421806,23/6/2019
1037,בארי,34.474417,31.443389,23/6/2019
1038,נחל עוז,34.512333,31.466417,23/6/2019
1039,נחל עוז,34.513028,31.464778,23/6/2019
1040,מפלסים,34.555127,31.515594,24/6/2019
1041,מפלסים,34.543311,31.500735,24/6/2019
1042,"מו""פ דרום",34.371917,31.269167,24/6/2019
1043,עלומים,34.512,31.455361,24/6/2019
1044,נחל עוז,34.496709,31.478789,24/6/2019
1045,בארי‎,34.49012,31.448288,24/6/2019
1046,עלומים,34.52733,31.45857,24/6/2019
1047,סעד‎,34.528306,31.46825,24/6/2019
1048,מפלסים,34.544278,31.507083,24/6/2019
1049,מאגר ניר עם,34.558538,31.518041,24/6/2019
1050,שמורת בארי‎,34.486625,31.437544,24/6/2019
1051,כפר עזה,34.536056,31.481556,24/6/2019
1052,יער שמחוני‎,34.526333,31.473389,24/6/2019
1053,באר מרווה,34.52105,31.44765,24/6/2019
1054,מצפור אסף סיבוני‎‎,34.561617,31.518545,24/6/2019
1055,ניר עם‎‎‎‎,34.577604,31.522368,25/6/2019
1056,כיסופים,34.410828,31.376078,25/6/2019
1057,כיסופים,34.424035,31.382692,25/6/2019
1058,בארי,34.449583,31.435417,25/6/2019
1059,בארי,34.482611,31.430778,25/6/2019
1060,סעד,34.541045,31.460214,25/6/2019
1061,בארי,34.473278,31.432778,25/6/2019
1062,בארי,34.434135,31.397149,25/6/2019
1063,מגן‎,34.415081,31.299863,25/6/2019
1064,בארי,34.473556,31.411806,25/6/2019
1065,רעים,34.478556,31.405694,25/6/2019
1066,שובה,34.532056,31.442028,25/6/2019
1067,שוקדה,34.514855,31.437148,25/6/2019
1068,עלומים,34.503725,31.458034,25/6/2019
1069,בארי,34.488963,31.433723,25/6/2019
1070,בארי,34.486044,31.439216,25/6/2019
1071,נחל עוז,34.489292,31.472974,25/6/2019
1072,נחל עוז,34.488133,31.472315,25/6/2019
1073,כפר עזה,34.533473,31.48948,25/6/2019
1074,כפר עזה,34.5135,31.478944,26/6/2019
1075,נחל עוז,34.499578,31.476249,26/6/2019
1076,נחל עוז,34.498527,31.477456,26/6/2019
1077,כפב עזה,34.531894,31.477219,26/6/2019
1078,כפר עזה,34.528739,31.476487,26/6/2019
1079,החץ השחור,34.552341,31.508685,26/6/2019
1080,שובה,34.546748,31.453256,26/6/2019
1081,יער בארי,34.458691,31.447829,26/6/2019
1082,יער בארי,34.460279,31.449074,26/6/2019
1083,שמורת בארי,34.468433,31.433988,26/6/2019
1084,מגן,34.405157,31.295402,26/6/2019
1085,כיסופים,34.374938,31.370183,26/6/2019
1086,רעים,34.450917,31.388149,26/6/2019
1087,ניר עם,34.570609,31.524934,26/6/2019
1088,ניר עם,34.574814,31.523252,26/6/2019
1089,מפלסים,34.55091,31.505398,26/6/2019
1090,יער כיסופים,34.412542,31.371166,26/6/2019
1091,יער כיסופים,34.411212,31.369883,26/6/2019
1092,בארי,34.483295,31.434359,26/6/2019
1093,סופה,34.33697,31.245254,26/6/2019
1094,נחל עוז,34.492889,31.477639,27/6/2019
1095,יער שמחוני,34.528177,31.473108,27/6/2019
1096,כפר עזה,34.536921,31.478257,27/6/2019
1097,כפר עזה,34.517444,31.491028,27/6/2019
1098,כיסופים,34.404228,31.398862,27/6/2019
1099,שוקדה‎,34.532,31.4485,27/6/2019
1100,כפר עזה,34.545278,31.486583,27/6/2019
1101,מפלסים,34.537889,31.506083,27/6/2019
1102,נחל עוז,34.474528,31.466361,27/6/2019
1103,כפר עזה,34.545651,31.486479,27/6/2019
1104,מפלסים,34.563202,31.498499,27/6/2019
1105,מפלסים,34.551064,31.501762,27/6/2019
1106,בארי,34.461972,31.44525,27/6/2019
1107,נחל עוז,34.500807,31.47687,27/6/2019
1108,כפר עזה,34.540375,31.486023,27/6/2019
1109,כפר עזה,34.537585,31.487817,27/6/2019
1110,כפר עזה,34.536126,31.489939,27/6/2019
1111,בארי,34.492312,31.428276,27/6/2019
1112,נתיב העשרה,34.522139,31.589472,27/6/2019
1113,ניר עם,34.569013,31.521726,27/6/2019
1114,ניר עם,34.566782,31.522202,27/6/2019
1115,סעד,34.539786,31.464836,27/6/2019
1116,עלומים,34.510775,31.461505,27/6/2019
1117,שוקדה,34.533563,31.447072,27/6/2019
1118,כיסופים,34.402275,31.397799,27/6/2019
1119,מגן,34.420893,31.296242,27/6/2019
1120,בארי,34.490531,31.429832,27/6/2019
1121,זיקים,34.514053,31.608509,27/6/2019
1122,כרמיה,34.533022,31.601747,27/6/2019
1123,מעבר קרני,34.485182,31.476929,27/6/2019
1124,בארי,34.441356,31.435135,28/6/2019
1125,עלומים,34.529485,31.460399,28/6/2019
1126,דבשת הגמל ניר עם,34.57633,31.52925,28/6/2019
1127,נתיב העשרה‎‎,34.523984,31.583779,28/6/2019
1128,מפלסים‎,34.549177,31.487678,28/6/2019
1129,מפלסים,34.536028,31.501139,28/6/2019
1130,נחל ניר עם,34.614333,31.548833,28/6/2019
1131,נחל עוז,34.507944,31.477083,28/6/2019
1132,נחל עוז,34.50393,31.476194,28/6/2019
1133,ניר יצחק,34.366083,31.247,28/6/2019
1134,אור הנר,34.595346,31.555119,28/6/2019
1135,כפר עזה,34.52631,31.480524,28/6/2019
1136,יער שמחוני,34.52641,31.474691,28/6/2019
1137,נחל גרר‎‎‎,34.635231,31.387773,28/6/2019
1138,ניר עם ‎,34.574193,31.517555,29/6/2019
1139,ניר יצחר,34.353669,31.243275,30/6/2019
1140,"מו"" פ דרום",34.381486,31.27371,30/6/2019
1141,כפר עזה,34.539489,31.486638,1/7/2019
1142,מעגלים,34.595112,31.401604,1/7/2019
1143,בארי,34.481633,31.427782,2/7/2019
1144,בארי,34.48026,31.428331,2/7/2019
1145,כפר עזה,34.529136,31.488958,2/7/2019
1146,תקומה,34.573657,31.45074,3/7/2019
1147,מגן,34.420163,31.297818,3/7/2019
1148,תקומה,34.574666,31.449505,4/7/2019
1149,נחל עוז,34.498033,31.482943,4/7/2019
1150,ניר עם,34.570388,31.522197,4/7/2019
1151,יער כיסופים,34.403177,31.376071,9/7/2019
1152,יכיני,34.596572,31.479884,11/7/2019
1153,כיסופים,34.40241,31.371365,11/7/2019
1154,יער בארי,34.48698,31.435068,13/7/2019
1155,שמורת זיקים,34.539635,31.615015,13/7/2019
1156,נחל עוז,34.496506,31.482397,13/7/2019
1157,יכיני,34.592132,31.483138,14/7/2019
1158,שוקדה,34.518935,31.426562,14/7/2019
1159,Shokeda Forest,34.519372,31.426332,16/7/2019
1160,Nachal Oz,34.514804,31.471085,17/7/2019
1161,Gevim,34.600307,31.501721,17/7/2019
1162,Be'eri Nature Reserve,34.471039,31.426141,19/7/2019
1163,Be'eri Nature Reserve,34.470838,31.42595,19/7/2019
1164,Be'eri Nature Reserve,34.470516,31.426298,19/7/2019
1165,Gevim,34.602589,31.502452,20/7/2019
1166,עלומים‎‎‎,34.495382,31.457578,31/7/2019
1167,עלומים,34.494998,31.457634,31/7/2019
1168,יער שמחוני,34.521889,31.477667,2/8/2019
1169,נחל עוז,34.488446,31.473155,4/8/2019
1170,יער שמחוני,34.519741,31.476485,7/8/2019
1171,נחל עוז,34.487902,31.460632,7/8/2019
1172,יכיני‎‎,34.591538,31.484661,11/8/2019
1173,בארי,34.485194,31.443667,13/9/2019
1174,סעד,34.530861,31.4605,16/8/2019
1175,בארי,34.464083,31.456056,16/8/2019
1176,בארי,34.474717,31.443087,16/9/2019
1177,טל אור,34.515231,31.332127,17/8/2019
1178,כיסופים,34.395583,31.374833,18/8/2019
1179,ניר עוז,34.414763,31.315498,18/8/2019
1180,שדות נגב,34.531512,31.449401,19/8/2019
1181,שדות נגב,34.531345,31.449319,19/8/2019
1182,בארי,34.481748,31.402965,23/8/2019
1183,באר מרווה,34.521963,31.44169,30/8/2019
1184,רוחמה,34.701082,31.499777,6/9/2019
1185,כיסופים,34.384278,31.371111,10/9/2019
1186,חולית,34.321139,31.239139,22/9/2019
1187,יכני,34.597292,31.483528,15/10/2019
1188,ארז,34.566861,31.557,18/10/2019
1189,שריפה ראשונה 2020 - יד מרדכי‎‎,34.558294,31.578313,6/2/2020
1190,בארי 13.6.2020 ‎,34.449615,31.424983,13/6/2020
1191,בארי‎,34.451355,31.4175,13/6/2020
1192,6.8.2020  ניר עם‎,34.558673,31.517876,6/8/2020
1193,בארי,34.485029,31.435842,6/8/2020
1194,בארי,34.485191,31.43581,6/8/2020
1195,בארי,34.485094,31.435741,6/8/2020
1196,בארי,34.485137,31.435933,6/8/2020
1197,ניר עם,34.559662,31.519281,6/8/2020
1198,ניר עם,34.559474,31.519162,6/8/2020
1199,ניר עם,34.559667,31.519043,6/8/2020
1200,כרמיה,34.517639,31.603434,6/8/2020
1201,כרמיה,34.514892,31.603361,6/8/2020
1202,כרמיה,34.515922,31.604202,6/8/2020
1203,כפר עזה,34.524749,31.483879,6/8/2020
1204,בארי,34.478685,31.446519,6/8/2020
1205,7.8.2020 ניר עם‎,34.567988,31.522627,7/8/2020
1206,09.08.2020  בארי‎,34.491552,31.427639,9/8/2020
1207,בארי ,34.477308,31.438024,9/8/2020
1208,10.8.2020 ארז‎,34.582324,31.557674,10/8/2020
1209,כיסופים,34.395427,31.375717,10/8/2020
1210,בארי,34.499862,31.440286,10/8/2020
1211,עלומים‎,34.512131,31.467651,10/8/2020
1212,עלומים,34.514217,31.470423,10/8/2020
1213,נחל עוז,34.495903,31.476738,10/8/2020
1214,כיסופים,34.395427,31.375337,10/8/2020
1215,באר מרווה,34.521728,31.442021,10/8/2020
1216,כיסופים,34.408913,31.375719,10/8/2020
1217,כיסופים,34.403548,31.372678,10/8/2020
1218,כיסופים,34.391511,31.372403,10/8/2020
1219,בארי,34.488323,31.433718,10/8/2020
1220,בארי,34.492273,31.443012,10/8/2020
1221,בארי,34.495193,31.441986,10/8/2020
1222,כיסופים,34.403152,31.381213,10/8/2020
1223,כיסופים,34.399203,31.376377,10/8/2020
1224,בארי,34.484992,31.447004,10/8/2020
1225,בארי,34.481344,31.446675,10/8/2020
1226,נחל עוז,34.505532,31.473915,10/8/2020
1227,נחל עוז,34.502098,31.473256,10/8/2020
1228,בארי,34.479439,31.41929,10/8/2020
1229,באר מרווה,34.520132,31.443528,10/8/2020
1230,באר מרווה,34.519875,31.442404,10/8/2020
1231,שוקדה,34.519679,31.427412,10/8/2020
1232,בארי,34.493213,31.431403,10/8/2020
1233,רוחמה,34.697885,31.499643,10/8/2020
1234,ניר עם‎,34.567296,31.546734,10/8/2020
1235,ניר עם,34.566953,31.525263,11/8/2020
1236,ניר עם,34.567785,31.524247,10/8/2020
1237,ניר עם,34.567098,31.516455,10/8/2020
1238,מפלסים,34.557271,31.509576,10/8/2020
1239,11.8.2020  אור הנר‎,34.602042,31.551643,11/8/2020
1240,ארז,34.565907,31.553838,11/8/2020
1241,כיסופים,34.400899,31.379558,11/8/2020
1242,אור הנר,34.604231,31.551387,11/8/2020
1243,חוות השקמים,34.623676,31.525942,11/8/2020
1244,עין השלשה,34.431783,31.347032,11/8/2020
1245,כיסופים,34.399555,31.37105,11/8/2020
1246,כיסופים,34.403805,31.3708,11/8/2020
1247,כיסופים,34.413128,31.367012,11/8/2020
1248,באר מרווה,34.523336,31.44494,11/8/2020
1249,עלומים,34.49339,31.456456,11/8/2020
1250,עלומים,34.50075,31.45514,11/8/2020
1251,באר מרווה,34.522156,31.445087,11/8/2020
1252,יער שוקדה,34.509582,31.426888,11/8/2020
1253,שדות נגב,34.566837,31.443111,11/8/2020
1254,שדות נגב,34.565496,31.4443,11/8/2020
1255,שמורת בארי,34.45555,31.42623,11/8/2020
1256,שמורת בארי,34.455164,31.428537,11/8/2020
1257,שמורת בארי,34.451173,31.43143,11/8/2020
1258,שמורת בארי,34.456151,31.434213,11/8/2020
1259,שמורת בארי,34.452761,31.433297,11/8/2020
1260,שמורת בארי,34.449371,31.438277,11/8/2020
1261,שער הנגב,34.557587,31.489264,11/8/2020
1262,שער הנגב,34.58398,31.493473,11/8/2020
1263,אשכול,34.434726,31.364978,11/8/2020
1264,אשכול,34.429147,31.362193,11/8/2020
1265,אשכול,34.436013,31.359481,11/8/2020
1266,12.8.2020  יד מרדכי‎,34.548835,31.592168,12/8/2020
1267,נתיב העשרה,34.527806,31.59151,12/8/2020
1268,שדרות,34.596803,31.545621,12/8/2020
1269,אור הנר,34.597275,31.554344,12/8/2020
1270,כפר עזה,34.528573,31.479571,12/8/2020
1271,סעד,34.518423,31.465143,12/8/2020
1272,כיסופים,34.405535,31.374854,12/8/2020
1273,שמורת בארי,34.478534,31.444758,12/8/2020
1274,שמורת בארי,34.473427,31.439889,12/8/2020
1275,כפבר מימון‎,34.532895,31.42818,12/8/2020
1276,שמורת בארי,34.490719,31.437734,12/8/2020
1277,כיסופים,34.405098,31.375423,12/8/2020
1278,כיסופים,34.432504,31.410246,12/8/2020
1279,בארי,34.444391,31.408507,12/8/2020
1280,נחל הבשור,34.438792,31.390645,12/8/2020
1281,ניר עם,34.558535,31.517709,12/8/2020
1282,כפר עזה,34.523258,31.481596,12/8/2020
1283,סעד,34.530291,31.458583,12/8/2020
1284,שמורת בארי,34.452961,31.419807,12/8/2020
1285,ארז,34.551973,31.55864,12/8/2020
1286,13.8.2020  בארי‎,34.470921,31.452587,13/8/2020
1287,יער שוקדה,34.526806,31.426389,13/8/2020
1288,בארי,34.459333,31.419611,13/8/2020
1289,כיסופים,34.402222,31.406778,13/8/2020
1290,כיסופים,34.40649,31.409096,13/8/2020
1291,כיסופים,34.404423,31.408045,13/8/2020
1292,כיסופים,34.412098,31.367508,13/8/2020
1293,כיסופים‎,34.403973,31.377882,13/8/2020
1294,כיסופים,34.406162,31.37595,13/8/2020
1295,כיסופים,34.385292,31.376511,13/8/2020
1296,כיסופים,34.380581,31.375492,13/8/2020
1297,כיסופים,34.385689,31.37431,13/8/2020
1298,כיסופים,34.399323,31.39566,13/8/2020
1299,כיסופים,34.387405,31.369823,13/8/2020
1300,כיסופים,34.392132,31.368244,13/8/2020
1301,כיסופים‎,34.402012,31.393007,13/8/2020
1302,כיסופים,34.3843,31.374596,13/8/2020
1303,כיסופים,34.378609,31.373421,13/8/2020
1304,כיסופים,34.381195,31.372316,13/8/2020
1305,כיסופים,34.380577,31.373144,13/8/2020
1306,כיסופים,34.380642,31.37195,13/8/2020
1307,בארי,34.470314,31.433838,13/8/2020
1308,בארי,34.473522,31.431194,13/8/2020
1309,כיסופים,34.385319,31.376329,13/8/2020
1310,כיסופים,34.384712,31.374409,13/8/2020
1311,כיסופים,34.467751,31.440857,13/8/2020
1312,באר מרווה,34.523098,31.44866,13/8/2020
1313,בארי,34.46217,31.425684,13/8/2020
1314,חניון רעים,34.478305,31.404098,13/8/2020
1315,14.8.2020  עין השלושה‎ FIRST FIRE ‎,34.374481,31.363253,14/8/2020
1316,שדרות,34.583783,31.525275,14/8/2020
1317,בארי,34.478791,31.404358,14/8/2020
1318,ארז‎,34.566611,31.551056,14/8/2020
1319,ארז,34.566568,31.551134,14/8/2020
1320,ארז,34.575417,31.543446,14/8/2020
1321,עלומים,34.494315,31.450508,14/8/2020
1322,שובה,34.541499,31.456206,14/8/2020
1323,ניר עוז,34.38916,31.319353,14/8/2020
1324,ניר עוז,34.390182,31.318676,14/8/2020
1325,זיקים,34.50342,31.593698,14/8/2020
1326,כיסופים,34.395776,31.367447,14/8/2020
1327,ניר עם,34.570166,31.539923,14/8/2020
1328,כיסופים,34.392238,31.373033,14/8/2020
1329,בארי,34.48725,31.429792,14/8/2020
1330,כיסופים,34.392634,31.370625,14/8/2020
1331,כיסופים,34.384136,31.375492,14/8/2020
1332,כיסופים,34.409177,31.375675,14/8/2020
1333,כיסופים,34.408018,31.375675,14/8/2020
1334,כיסופים,34.421643,31.418669,14/8/2020
1335,כיסופים,34.423188,31.420794,14/8/2020
1336,נחל עוז‎,34.516356,31.469555,14/8/2020
1337,כיסופים,34.420677,31.417069,14/8/2020
1338,15.8.2020  כיסופים‎‎  FIRST FIRE OF THE DAY,34.410103,31.397298,15/8/2020
1339,כיסופים,34.407291,31.394107,15/8/2020
1340,בארי,34.479284,31.446908,15/8/2020
1341,בארי‎,34.462817,31.427193,15/8/2020
1342,בארי‎,34.482259,31.433093,15/8/2020
1343,בארי‎,34.451389,31.401406,15/8/2020
1344,בארי,34.486529,31.43457,15/8/2020
1345,בארי,34.494212,31.423679,15/8/2020
1346,כיסופים,34.401951,31.390171,15/8/2020
1347,כיסופים,34.399547,31.393102,15/8/2020
1348,עלומים,34.520786,31.453826,15/8/2020
1349,בארי,34.476032,31.440077,15/8/2020
1350,עלומים,34.519813,31.452818,15/8/2020
1351,זיקים,34.509136,31.611418,15/8/2020
1352,כיסופים,34.402776,31.372698,15/8/2020
1353,כיסופים,34.423194,31.418629,15/8/2020
1354,כיסופים,34.403751,31.365692,15/8/2020
1355,כיסופים,34.403494,31.365703,15/8/2020
1356,כיסופים,34.41162,31.380887,15/8/2020
1357,כיסופים,34.508475,31.472043,15/8/2020
1358,ארז,34.575417,31.543446,15/8/2020
1359,כיסופים,34.40584,31.394356,15/8/2020
1360,ניר עם,34.569978,31.517622,15/8/2020
1361,כפר מימון,34.547298,31.435373,15/8/2020
1362,בארי,34.484983,31.433868,15/8/2020
1363,בארי,34.478031,31.440019,15/8/2020
1364,בארי,34.463097,31.428082,15/8/2020
1365,בארי,34.465071,31.428521,15/8/2020
1366,בארי,34.471536,31.436646,15/8/2020
1367,16.8.2020 עלומים‎ FIRST FIRE OF THE DAY,34.524303,31.456539,16/8/2020
1368,בארי,34.460083,31.423611,16/8/2020
1369,בארי,34.459586,31.423595,16/8/2020
1370,מפלסים,34.555397,31.506186,16/8/2020
1371,מפלסים,34.556175,31.505039,16/8/2020
1372,עין השלושה,34.375455,31.362791,16/8/2020
1373,עין השלושה,34.377507,31.362613,16/8/2020
1374,בארי,34.438572,31.415348,16/8/2020
1375,בארי,34.43515,31.414557,16/8/2020
1376,ארז,34.567065,31.550819,16/8/2020
1377,בארי,34.443509,31.427429,16/8/2020
1378,כיסופים‎,34.385979,31.386271,16/8/2020
1379,כיסופים,34.385979,31.386271,16/8/2020
1380,כיסופים,34.402176,31.404402,16/8/2020
1381,כיסופים,34.409088,31.402792,16/8/2020
1382,בארי,34.474213,31.441904,16/8/2020
1383,כיסופים,34.401745,31.365461,16/8/2020
1384,כיסופים,34.396923,31.369198,16/8/2020
1385,עלומים,34.523964,31.456249,16/8/2020
1386,בארי,34.444782,31.428015,16/8/2020
1387,בארי,34.459747,31.423275,16/8/2020
1388,עין השלושה,34.373539,31.364353,16/8/2020
1389,בארי,34.437386,31.41568,16/8/2020
1390,בארי,34.430122,31.427872,16/8/2020
1391,עין השלושה,34.376808,31.362186,16/8/2020
1392,בארי,34.436775,31.414108,16/8/2020
1393,כיסופים‎,34.417446,31.405005,16/8/2020
1394,כיסופים,34.417469,31.404789,16/8/2020
1395,בארי,34.437115,31.409874,16/8/2020
1396,בארי,34.438911,31.40979,16/8/2020
1397,כיסופים,34.398106,31.401894,16/8/2020
1398,בארי,34.441738,31.408306,16/8/2020
1399,בארי,34.443455,31.425072,16/8/2020
1400,בארי,34.44492,31.422998,16/8/2020
1401,גברעם  First fire of the day 17.8.2020‎ ,34.606457,31.575681,17/8/2020
1402,נחל גרר,34.688126,31.389184,17/8/2020
1403,בארי,34.45793,31.445935,17/8/2020
1404,עין השלושה‎,34.412518,31.36656,17/8/2020
1405,שדרות,34.584295,31.533123,17/8/2020
1406,נחל גרר,34.447979,31.400909,17/8/2020
1407,בארי,34.492612,31.436417,17/8/2020
1408,בארי,34.431505,31.412163,17/8/2020
1409,בארי,34.427893,31.419382,17/8/2020
1410,כפר עזה,34.538876,31.485321,17/8/2020
1411,יכיני,34.586321,31.481249,17/8/2020
1412,בארי,34.487772,31.442068,17/8/2020
1413,בארי,34.478252,31.443075,17/8/2020
1414,כפר עזה,34.528138,31.484175,17/8/2020
1415,בארי,34.487717,31.437054,17/8/2020
1416,ניר עם,34.575523,31.5299,17/8/2020
1417,ניר עם,34.571667,31.52795,17/8/2020
1418,כסופים,34.400951,31.365507,17/8/2020
1419,ניר עם‎‎,34.577494,31.528985,17/8/2020
1420,כיסופים,34.3915,31.370377,17/8/2020
1421,תקומה,34.568182,31.456957,17/8/2020
1422,עין השלושה,34.412322,31.364697,17/8/2020
1423,כיסופים,34.41403,31.389329,17/8/2020
1424,ניר עם,34.572694,31.510111,17/8/2020
1425,סעד,34.544515,31.478973,17/8/2020
1426,שובה,34.544163,31.454126,17/8/2020
1427,כיסופים,34.41618,31.395317,17/8/2020
1428,כפר מימון,34.524277,31.432829,17/8/2020
1429,בארי,34.445477,31.422739,17/8/2020
1430,כיסופים,34.426399,31.419252,17/8/2020
1431,בארי,34.473774,31.429121,17/8/2020
1432,בארי,34.445618,31.418646,17/8/2020
1433,בארי,34.444477,31.408485,17/8/2020
1434,בארי,34.431019,31.414673,17/8/2020
1435,בארי,34.471233,31.445711,17/8/2020
1436,כפר עזה,34.513542,31.486046,17/8/2020
1437,כיסופים,34.401421,31.366077,17/8/2020
1438,כיסופים,34.413597,31.385723,17/8/2020
1439,באר מרווה,34.520275,31.447102,17/8/2020
1440,נתיב העשרה FIRST FIRE OF THE DAY 18.8.2020,34.528691,31.582174,18/8/2020
1441,בארי,34.450486,31.422687,18/8/2020
1442,תקומה,34.56611,31.455159,18/8/2020
1443,ארז,34.578259,31.569317,18/8/2020
1444,ניר עם,34.561764,31.523315,18/8/2020
1445,ניר עם‎,34.560333,31.52104,18/8/2020
1446,ניר עם‎,34.559145,31.519058,18/8/2020
1447,ניר עם,34.578145,31.532978,18/8/2020
1448,ארז,34.55586,31.560335,18/8/2020
1449,ניר עוז,34.394731,31.310197,18/8/2020
1450,בארי,34.47326,31.450374,18/8/2020
1451,עלומים,34.478529,31.455887,18/8/2020
1452,ניר עם,34.576027,31.520949,18/8/2020
1453,ניר עם,34.574512,31.521578,18/8/2020
1454,שדות נגב,34.562308,31.448702,18/8/2020
1455,שדות נגב,34.564902,31.447526,18/8/2020
1456,בארי‎,34.485775,31.438147,18/8/2020
1457,אור הנר,34.60881,31.547536,18/8/2020
1458,תל גמה,34.443881,31.379952,18/8/2020
1459,החץ השחור,34.552946,31.506563,18/8/2020
1460,חולית,34.322836,31.234755,18/8/2020
1461,בארי,34.46689,31.44538,18/8/2020
1462,בארי,34.46586,31.444355,18/8/2020
1463,בארי,34.487489,31.438936,18/8/2020
1464,בארי,34.452385,31.42341,18/8/2020
1465,בארי,34.448951,31.422385,18/8/2020
1466,בארי,34.451835,31.426883,18/8/2020
1467,בארי,34.454624,31.422451,18/8/2020
1468,בארי,34.457757,31.423953,18/8/2020
1469,אור הנר,34.60409,31.546745,18/8/2020
1470,עין השלושה,34.396724,31.359316,18/8/2020
1471,יד אנזק,34.461628,31.448947,18/8/2020
1472,כיסופים,34.392775,31.380767,18/8/2020
1473,כיסופים,34.389557,31.377689,18/8/2020
1474,כיסופים,34.394277,31.379008,18/8/2020
1475,כיסופים,34.401616,31.378092,18/8/2020
1476,כיסופים,34.395393,31.377946,18/8/2020
1477,כיסופים,34.392389,31.375931,18/8/2020
1478,כיסופים‎,34.393204,31.372377,18/8/2020
1479,עלומים,34.47718,31.469597,18/8/2020
1480,רעים,34.454161,31.388675,18/8/2020
1481,שדות נגב,34.58615,31.435517,18/8/2020
1482,כפר עזה,34.534415,31.480404,18/8/2020
1483,בארי,34.492493,31.439861,18/8/2020
1484,בארי,34.483267,31.436676,18/8/2020
1485,יער שוקדה,34.518342,31.429028,18/8/2020
1486,יעק שוקדה,34.523277,31.429248,18/8/2020
1487,כיסופים,34.397621,31.382217,18/8/2020
1488,כיסופים,34.391309,31.381456,18/8/2020
1489,כיסופים,34.397875,31.378653,18/8/2020
1490,בארי,34.439026,31.423644,18/8/2020
1491,בארי,34.442717,31.421373,18/8/2020
1492,ארז 19.8.2020 FIRST FIRE OF THE DAY,34.562019,31.558205,19/8/2020
1493,בארי,34.448455,31.438579,19/8/2020
1494,כיסופים,34.38627,31.378953,19/8/2020
1495,כיסופים,34.3976,31.377488,19/8/2020
1496,תל גמה,34.441545,31.382104,19/8/2020
1497,כיסופים,34.392783,31.38141,19/8/2020
1498,כיסופים,34.41836,31.404118,19/8/2020
1499,כיסופים,34.407553,31.402139,19/8/2020
1500,אנזק,34.461775,31.448743,19/8/2020
1501,אנזק‎,34.462183,31.448459,19/8/2020
1502,בארי,34.458333,31.451685,19/8/2020
1503,בארי,34.460963,31.452801,19/8/2020
1504,בארי,34.498042,31.439092,19/8/2020
1505,בארי,34.482208,31.444914,19/8/2020
1506,בארי,34.418142,31.404504,19/8/2020
1507,נחל עוז,34.481315,31.468395,19/8/2020
1508,נחל עוז,34.485462,31.468029,19/8/2020
1509,ניר עם,34.577775,31.52313,19/8/2020
1510,בארי,34.39447,31.400118,19/8/2020
1511,כיסופים,34.390256,31.374357,19/8/2020
1512,בארי,34.492062,31.429464,19/8/2020
1513,כיסופים,34.425624,31.380407,19/8/2020
1514,כיסופים,34.391464,31.375561,19/8/2020
1515,כיסופים,34.38879,31.369367,19/8/2020
1516,עין השלושה,34.401575,31.356109,19/8/2020
1517,בארי,34.491126,31.433587,19/8/2020
1518,בארי,34.453991,31.417854,19/8/2020
1519,תל גמה,34.444191,31.388257,19/8/2020
1520,תל גמה,34.443814,31.392265,19/8/2020
1521,עין השלושה,34.383245,31.358345,19/8/2020
1522,"מו""פ",34.378337,31.271361,19/8/2020
1523,בארי,34.455374,31.412364,19/8/2020
1524,סעד,34.541548,31.47266,19/8/2020
1525,סעד,34.534641,31.473208,19/8/2020
1526,החץ השחור,34.552532,31.507556,19/8/2020
1527,מפלסים,34.55291,31.515571,19/8/2020
1528,"מו""פ דרום",34.393093,31.264393,19/8/2020
1529,כרמיה,34.551878,31.60685,19/8/2020
1530,בארי,34.467529,31.427641,19/8/2020
1531,כיסופים,34.394496,31.368792,19/8/2020
1532,כיסופים,34.397982,31.365866,19/8/2020
1533,בארי,34.441155,31.394428,19/8/2020
1534,נתיב העשרה 20.8.2020 FIRST FIRE OF THE DAY,34.53167,31.584374,20/8/2020
1535,ארז,34.57847,31.550954,20/8/2020
1536,עין השלושה,34.394421,31.346975,20/8/2020
1537,כיסופים,34.390461,31.376694,20/8/2020
1538,כרם שלום,34.280916,31.22843,20/8/2020
1539,כיסופים,34.408754,31.376573,20/8/2020
1540,יער שוקדה,34.523278,31.442818,20/8/2020
1541,כיסופים,34.39011,31.368988,20/8/2020
1542,בארי,34.452167,31.398278,20/8/2020
1543,בארי,34.501244,31.427364,20/8/2020
1544,כיסופים,34.412491,31.39455,20/8/2020
1545,נחל עוז,34.497593,31.460905,20/8/2020
1546,בארי,34.500477,31.429445,20/8/2020
1547,כיסופים,34.427316,31.38035,20/8/2020
1548,כיסופים,34.389097,31.376203,20/8/2020
1549,שדרות,34.606096,31.513052,20/8/2020
1550,גבים,34.604226,31.509638,20/8/2020
1551,כיסופים,34.391801,31.38013,20/8/2020
1552,אנזק,34.462431,31.448978,20/8/2020
1553,כיסופים,34.392394,31.394773,20/8/2020
1554,מפלסים,34.550431,31.504104,20/8/2020
1555,יער כיסופים,34.410378,31.379113,20/8/2020
1556,כיסופים,34.39086,31.395643,20/8/2020
1557,מפלסים,34.56025,31.49525,20/8/2020
1558,בארי,34.46673,31.419413,20/8/2020
1559,ברור חיל,34.629512,31.556176,20/8/2020
1560,מפלסים,34.554582,31.501599,20/8/2020
1561,כיסופים,34.414418,31.375836,20/8/2020
1562,בארי,34.459307,31.415765,20/8/2020
1563,מפלסים,34.565588,31.500251,20/8/2020
1564,סעד,34.534174,31.465436,20/8/2020
1565,מפלסים,34.55876,31.492486,20/8/2020
1566,כיסופים,34.393108,31.382768,20/8/2020
1567,כיסופים,34.394052,31.381376,20/8/2020
1568,בארי,34.432419,31.431043,20/8/2020
1569,כפר עזה,34.545165,31.488801,20/8/2020
1570,כפר עזה,34.538547,31.488424,20/8/2020
1571,כפר עזה,34.542515,31.487787,20/8/2020
1572,בארי,34.465669,31.431657,20/8/2020
1573,מפלסים,34.557976,31.497873,20/8/2020
1574,כפר עזה‎,34.538616,31.4857,2/8/2020
1575,כרם שלום,34.28152,31.226934,20/8/2020
1576,ניר עם,34.580841,31.525728,20/8/2020
1577,"מו""פ",34.375041,31.279599,20/8/2020
1578,21.8.2020 כפר עזה FIRST FIRE OF THE DAY ‎,34.539306,31.488028,21/8/2020
1579,גברעם,34.590273,31.599174,21/8/2020
1580,מאגר שקמה,34.515318,31.600536,21/8/2020
1581,זיקים,34.531884,31.619359,21/8/2020
1582,כרמיה,34.535212,31.59759,21/8/2020
1583,אור הנר,34.597925,31.543185,21/8/2020
1584,יד מורדכי,34.590323,31.587658,21/8/2020
1585,זיקים,34.525116,31.605392,21/8/2020
1586,כפר עזה,34.545672,31.48824,21/8/2020
1587,כפר עזה,34.542202,31.49229,21/8/2020
1588,בארי,34.469318,31.453194,21/8/2020
1589,ניר עם,34.559533,31.517834,21/8/2020
1590,שדרות‎,34.579048,31.529541,21/8/2020
1591,מפלסים‎‎,34.558112,31.499023,21/8/2020
1592,בארי,34.472517,31.450829,21/8/2020
1593,כפר עזה,34.537887,31.484905,21/8/2020
1594,ניר עם‎,34.563407,31.517973,21/8/2020
1595,בארי,34.428032,31.419199,21/8/2020
1596,כיסופים,34.407299,31.403448,21/8/2020
1597,בארי,34.459681,31.423409,21/8/2020
1598,בארי,34.423694,31.417833,21/8/2020
1599,בארי,34.423327,31.417851,21/8/2020
1600,בארי,34.424646,31.417137,21/8/2020
1601,בארי,34.423359,31.418199,21/8/2020
1602,דורות,34.647649,31.494974,21/8/2020
1603,גבים‎,34.595873,31.503269,21/8/2020
1604,זיקים,34.526977,31.610318,21/8/2020
1605,מפלסים,34.567778,31.500179,21/8/2020
1606,כפר עזה,34.545594,31.492638,21/8/2020
1607,נתיב העשרה 22.8.2020 FIRST FIRE OF THE DAY,34.53724,31.579736,22/8/2020
1608,כרמיה,34.530431,31.593845,22/8/2020
1609,אור הנר,34.583455,31.554671,22/8/2020
1610,שדרות,34.58506,31.548205,22/8/2020
1611,כיסופים,34.377085,31.368575,22/8/2020
1612,כיסופים,34.398794,31.403042,22/8/2020
1613,עין השלושה ללא,34.377945,31.359394,22/8/2020
1614,זיקים ללא,34.529553,31.611125,22/8/2020
1615,חוף אשקלון,34.525028,31.593611,22/8/2020
1616,נחל עוז,34.505412,31.476541,22/8/2020
1617,נחל עוז,34.506985,31.476063,22/8/2020
1618,ניר עם,34.570645,31.519487,22/8/2020
1619,גבים,34.589469,31.503607,22/8/2020
1620,יער שמחוני,34.52763,31.476166,22/8/2020
1621,אנזק,34.461206,31.448035,22/8/2020
1622,זיקים,34.528651,31.609854,22/8/2020
1623,כיסופים ללא,34.398215,31.384472,22/8/2020
1624,כיסופים,34.398624,31.403917,22/8/2020
1625,כיסופים,34.397776,31.403447,22/8/2020
1626,מפלסים,34.551846,31.487588,22/8/2020
1627,בארי,34.480852,31.418566,22/8/2020
1628,מפלסים,34.553845,31.501081,22/8/2020
1629,החץ השחור,34.551784,31.506964,22/8/2020
1630,בארי,34.46938,31.425668,22/8/2020
1631,זמרת,34.552389,31.440555,22/8/2020
1632,שדות נגב,34.547906,31.438778,22/8/2020
1633,בארי,34.466475,31.437874,22/8/2020
1634,יער בארי,34.461618,31.435765,22/8/2020
1635,נחל עוז,34.498905,31.475235,22/8/2020
1636,כיסופים,34.418556,31.415556,22/8/2020
1637,נחל עוז,34.500417,31.486778,22/8/2020
1638,שדות נגב,34.532831,31.446184,22/8/2020
1639,זיקים 23.8.2020 FIRST FIRE OF THE DAY,34.527414,31.611507,23/8/2020
1640,ניר עם,34.562638,31.519102,23/8/2020
1641,ניר עם,34.568051,31.516465,23/8/2020
1642,בארי,34.492956,31.439368,23/8/2020
1643,כיסופים,34.396556,31.402196,23/8/2020
1644,ניר עם,34.573222,31.523159,23/8/2020
1645,ניר עם,34.573193,31.520718,23/8/2020
1646,בארי,34.482685,31.44546,23/8/2020
1647,בארי,34.478339,31.407534,23/8/2020
1648,שובה,34.528043,31.458488,23/8/2020
1649,בארי,34.480167,31.428352,23/8/2020
1650,בארי,34.479306,31.427981,23/8/2020
1651,בארי‎,34.482688,31.424981,23/8/2020
1652,בארי,34.492595,31.436679,23/8/2020
1653,בארי,34.472109,31.438286,23/8/2020
1654,החץ השחור,34.553244,31.508331,23/8/2020
1655,שוקדה,34.517365,31.394781,23/8/2020
1656,שוקדה,34.514577,31.39125,23/8/2020
1657,בארי,34.475754,31.437375,23/8/2020
1658,בארי,34.474527,31.426995,23/8/2020
1659,כיסופים,34.38993,31.370533,23/8/2020
1660,עין השלושה,34.385325,31.358341,23/8/2020
1661,רעים,34.448327,31.386544,23/8/2020
1662,רעים,34.47105,31.399582,23/8/2020
1663,בארי,34.487321,31.446582,23/8/2020
1664,בארי,34.46521,31.439402,23/8/2020
1665,זימרת‎,34.561768,31.443372,23/8/2020
1666,זמרת,34.560478,31.441579,23/8/2020
1667,בארי,34.478339,31.407534,23/8/2020
1668,כפר מימון,34.526138,31.444664,23/8/2020
1669,זיקים,34.526406,31.610712,23/8/2020
1670,בארי,34.465135,31.435381,23/8/2020
1671,כיסופים,34.396642,31.401028,23/8/2020
1672,כיסופים,34.388574,31.371133,23/8/2020
1673,עלומים,34.504198,31.463567,23/8/2020
1674,ניר עם 24.8.2020 FIRST FIRE OF THE DAY,34.562162,31.517848,24/8/2020
1675,ניר עם,34.563016,31.522156,24/8/2020
1676,ניר עם,34.559419,31.522342,24/8/2020
1677,בארי אנזק,34.459325,31.450245,24/8/2020
1678,בארי,34.467639,31.451139,24/8/2020
1679,יער שוקדה,34.511199,31.425671,24/8/2020
1680,כיסופים,34.380845,31.371874,24/8/2020
1681,כיסופים,34.379577,31.371012,24/8/2020
1682,כיסופים,34.379267,31.374433,24/8/2020
1683,כיסופים,34.382609,31.374235,24/8/2020
1684,עין השלושה,34.377451,31.361316,24/8/2020
1685,כיסופים,34.381466,31.375182,24/8/2020
1686,כיסופים,34.380467,31.376075,24/8/2020
1687,כיסופים,34.38309,31.371256,24/8/2020
1688,בארי,34.46695,31.447889,24/8/2020
1689,אנזק בארי,34.461286,31.450578,24/8/2020
1690,בארי,34.462242,31.452795,24/8/2020
1691,בארי - נחביר,34.464762,31.430784,24/8/2020
1692,בארי,34.467419,31.436793,24/8/2020
1693,נחל הבשור,34.488909,31.308538,24/8/2020
1694,בארי,34.477255,31.423147,24/8/2020
1695,טל אור,34.473453,31.341465,24/8/2020
1696,בארי,34.475167,31.441583,24/8/2020
1697,שדרות,34.589792,31.507285,24/8/2020
1698,כיסופים,34.399963,31.37363,24/8/2020
1699,כיסופים,34.41043,31.373612,24/8/2020
1700,בארי,34.47182,31.434555,24/8/2020
1701,כפר עזה,34.536735,31.488569,24/8/2020
1702,כיסופים,34.38225,31.376611,24/8/2020
1703,כפר עזה,34.53625,31.487167,24/8/2020
1704,בארי,34.480739,31.44025,24/8/2020
1705,"מו""פ דרום",34.375127,31.274649,24/8/2020
1706,"מו""פ דרום",34.388,31.274333,24/8/2020
1707,אנזק בארי,34.461451,31.452009,24/8/2020
1708,בארי,34.488683,31.431114,24/8/2020
1709,ניר עם,34.564028,31.516778,24/8/2020
1710,סעד,34.535122,31.465459,24/8/2020
1711,בארי,34.457779,31.422486,24/8/2020
1712,יד מרדכי 25.8.2020 FIRST FIRE OF THE DAY,34.562156,31.582939,25/8/2020
1713,נתיב העשרה ,34.540955,31.583597,25/8/2020
1714,תקומה,34.565052,31.453846,25/8/2020
1715,"מו""פ דרום",34.400061,31.293353,25/8/2020
1716,"מו""פ דרום",34.393891,31.292003,25/8/2020
1717,בארי נחביר,34.467319,31.430418,25/8/2020
1718,בארי שמורה,34.479927,31.437835,25/8/2020
1719,בארי,34.469613,31.44291,25/8/2020
1720,בארי,34.470167,31.446306,25/8/2020
1721,בארי,34.487918,31.43251,25/8/2020
1722,ניר עם ללא,34.573159,31.521985,25/8/2020
1723,ניר עם,34.570782,31.524519,25/8/2020
1724,ניר עם,34.563753,31.525075,25/8/2020
1725,בארי גופרית,34.456464,31.422868,25/8/2020
1726,ניר עם,34.566395,31.52283,25/8/2020
1727,בארי,34.473538,31.437551,25/8/2020
1728,בארי,34.477215,31.434011,25/8/2020
1729,בארי שמורה ביטרונות,34.484799,31.446091,25/8/2020
1730,בארי,34.467861,31.441028,25/8/2020
1731,כיסופים,34.397221,31.40336,25/8/2020
1732,נחל עוז,34.500391,31.480372,25/8/2020
1733,נחל עוז,34.501594,31.481575,25/8/2020
1734,בארי,34.490441,31.427121,25/8/2020
1735,באר מרווה ללא,34.521974,31.446602,25/8/2020
1736,כיסופים,34.404001,31.393714,25/8/2020
1737,בארי,34.506389,31.407833,25/8/2020
1738,כיסופים,34.389515,31.394474,25/8/2020
1739,שוקדה,34.524655,31.403677,25/8/2020
1740,יער שמחוני,34.52778,31.472634,25/8/2020
1741,כיסופים,34.378616,31.369732,25/8/2020
1742,סעד,34.529322,31.470091,25/8/2020
1743,כיסופים‎ ללא,34.404535,31.395199,25/8/2020
1744,בארי ללא,34.455003,31.424607,25/8/2020
1745,בארי ללא,34.47315,31.425828,25/8/2020
1746,באר מרווה ללא,34.516749,31.449426,25/8/2020
1747,ניר עם 26.8.2020 FIRST FIRE OF THE DAY,34.569903,31.537259,26/8/2020
1748,כיספים,34.373231,31.363937,26/8/2020
1749,החץ השחור,34.554046,31.506889,26/8/2020
1750,בארי,34.491794,31.436825,26/8/2020
1751,בארי,34.48106,31.440914,26/8/2020
1752,בארי,34.479916,31.437797,26/8/2020
1753,בארי,34.468212,31.451205,26/8/2020
1754,בארי,34.487938,31.41413,26/8/2020
1755,ניר עם,34.571123,31.534472,26/8/2020
1756,נתיבות,34.536307,31.394224,26/8/2020
1757,בארי,34.472058,31.427991,26/8/2020
1758,בארי,34.457946,31.433443,26/8/2020
1759,כיסופים,34.379615,31.370046,26/8/2020
1760,מפלסים,34.564862,31.488521,26/8/2020
1761,נחל הבשור,34.670669,31.384782,26/8/2020
1762,בארי,34.444252,31.408701,26/8/2020
1763,עין השלושה,34.378824,31.362654,26/8/2020
1764,סעד,34.534041,31.475511,26/8/2020
1765,זימרת,34.562867,31.446417,26/8/2020
1766,עין השלושה,34.378946,31.362663,26/8/2020
1767,עין השלושה,34.378809,31.3628,26/8/2020
1768,זימרת,34.562675,31.448209,26/8/2020
1769,סעד,34.537164,31.463994,26/8/2020
1770,זימרת,34.562517,31.44727,26/8/2020
1771,סעד,34.536361,31.464528,26/8/2020
1772,סעד,34.536778,31.465611,26/8/2020
1773,בארי,34.474268,31.427051,26/8/2020
1774,בארי,34.478759,31.430457,26/8/2020
1775,בארי,34.472402,31.41835,26/8/2020
1776,אורים,34.552653,31.271643,26/8/2020
1777,נחל עוז,34.49888,31.478043,26/8/2020
1778,בארי,34.454851,31.412282,26/8/2020
1779,ניר עם,34.558833,31.517651,26/8/2020
1780,ניר עם,34.564842,31.515882,26/8/2020
1781,כיסופים,34.379477,31.369317,26/8/2020
1782,כיסופים,34.378447,31.370673,26/8/2020
1783,שדרות,34.585513,31.540207,26/8/2020
1784,זיקים 27.8.2020 FIRST FIRE OF THE DAY,34.52855,31.612047,27/8/2020
1785,ארז,34.553924,31.557685,27/8/2020
1786,ארז,34.560966,31.56649,27/8/2020
1787,ארז,34.554681,31.560339,27/8/2020
1788,בית הגדי,34.606335,31.423764,27/8/2020
1789,בארי,34.471608,31.427299,27/8/2020
1790,ניר עם,34.571687,31.521533,27/8/2020
1791,ניר עם,34.571086,31.522411,27/8/2020
1792,החץ השחור,34.553791,31.506313,27/8/2020
1793,עין השלושה,34.393028,31.359007,27/8/2020
1794,צומת כיסופים,34.394883,31.367305,27/8/2020
1795,יער שוקדה,34.51471,31.424736,27/8/2020
1796,כיסופים,34.407346,31.364462,27/8/2020
1797,רעים,34.454238,31.400812,27/8/2020
1798,נחל הבשור,34.440683,31.397899,27/8/2020
1799,אנזק - בארי,34.459862,31.445794,27/8/2020
1800,בארי,34.468789,31.431704,27/8/2020
1801,בארי,34.465538,31.447517,27/8/2020
1802,בארי,34.467322,31.440004,27/8/2020
1803,יכיני,34.589407,31.486757,27/8/2020
1804,נחל עוז,34.490083,31.474428,27/8/2020
1805,כיסופים,34.407869,31.364651,27/8/2020
1806,כיסופים,34.415539,31.377824,27/8/2020
1807,ניר עם,34.562265,31.522526,27/8/2020
1808,כיסופים‎,34.422848,31.418019,27/8/2020
1809,בארי,34.464046,31.432998,27/8/2020
1810,ארז,34.556025,31.559583,27/8/2020
1811,כרמיה,34.540204,31.610831,27/8/2020
1812,כיסופים,34.40126,31.3749,27/8/2020
1813,ניר עם,34.56001,31.51851,27/8/2020
1814,נתיבות,34.57675,31.43471,27/8/2020
1815,בארי נחביר,34.464928,31.431645,27/8/2020
1816,- נחביר בארי ,34.464199,31.430455,27/8/2020
1817,בארי נחביר,34.465663,31.430677,27/8/2020
1818,בארי נחביר,34.465417,31.431114,27/8/2020
1819,מאגר נירים,34.482672,31.38092,27/8/2020
1820,בארי‎‎,34.43954,31.439106,27/8/2020
1821,כיסופים,34.401564,31.382456,27/8/2020
1822,כיסופים,34.403023,31.384215,27/8/2020
1823,בארי‎,34.428509,31.428217,27/8/2020
1824,יער שמחוני,34.524751,31.475804,27/8/2020
1825,יער שמחוני,34.522347,31.476756,27/8/2020
1826,כיסופים,34.394971,31.371767,27/8/2020
1827,גברעם,34.610888,31.592189,27/8/2020
1828,נחל שקמה,34.742776,31.497373,27/8/2020
1829,שער הנגב,34.576522,31.535933,27/8/2020
1830,בארי,34.45685,31.448051,27/8/2020
1831,כיסופים,34.399515,31.37883,27/8/2020
1832,עין שלושה,34.379054,31.368373,28/8/2020
1833,באר מרווה,34.521147,31.452064,28/8/2020
1834,זיקים,34.521305,31.60851,28/8/2020
1835,זיקים,34.528944,31.611452,28/8/2020
1836,בארי,34.461698,31.434326,28/8/2020
1837,בארי,34.461698,31.43352,28/8/2020
1838,יכיני,34.595594,31.481843,28/8/2020
1839,עלומים,34.507277,31.452258,28/8/2020
1840,בארי,34.466808,31.456391,28/8/2020
1841,בארי,34.463847,31.448337,28/8/2020
1842,מפלסים,34.553242,31.49505,28/8/2020
1843,מפלסים,34.562411,31.48765,28/8/2020
1844,זיקים,34.515067,31.610736,28/8/2020
1845,כיסופים,34.407661,31.374572,28/8/2020
1846,בארי,34.46159,31.421959,28/8/2020
1847,כיסופים,34.409941,31.375181,28/8/2020
1848,יער שמחוני,34.527487,31.474643,28/8/2020
1849,יער שמחוני,34.527591,31.476543,28/8/2020
1850,יד מורדכי,34.562614,31.588158,28/8/2020
1851,ארז,34.572922,31.56836,28/8/2020
1852,באר מרווה,34.517921,31.450135,28/8/2020
1853,סעד,34.537432,31.465085,28/8/2020
1854,בארי,34.465057,31.431129,28/8/2020
1855,נחל עוז,34.510139,31.474028,28/8/2020
1856,בארי,34.446624,31.433143,28/8/2020
1857,בארי,34.443019,31.432191,28/8/2020
1858,כיסופים,34.375838,31.373225,28/8/2020
1859,בארי,34.463265,31.421635,28/8/2020
1860,כיסופים,34.395782,31.366034,28/8/2020
1861,כרמיה 29.8.2020 FIRST FIRE OF THE DAY,34.538379,31.598549,29/8/2020
1862,בארי נחביר,34.465667,31.431057,29/8/2020
1863,בארי,34.473814,31.445576,29/8/2020
1864,זיקים,34.525872,31.609346,29/8/2020
1865,עין השלושה,34.377576,31.360954,29/8/2020
1866,בין בארי לרעים,34.457608,31.402657,29/8/2020
1867,תל גמה,34.450141,31.387235,29/8/2020
1868,בארי,34.455978,31.422362,29/8/2020
1869,בארי,34.460079,31.435352,29/8/2020
1870,נחל עוז,34.502141,31.46237,29/8/2020
1871,בארי,34.471135,31.427512,29/8/2020
1872,כיסופים,34.398632,31.383431,29/8/2020
1873,בארי,34.427431,31.427874,29/8/2020
1874,עין השלושה,34.402784,31.361087,29/8/2020
1875,כיסופים,34.401568,31.373082,29/8/2020
1876,כיסופים,34.407597,31.374163,29/8/2020
1877,נחל הבשור,34.468852,31.368456,29/8/2020
1878,בארי,34.452,31.443167,29/8/2020
1879,עמיעוז,34.408121,31.258199,29/8/2020
1880,בארי אנזק,34.462373,31.44807,29/8/2020
1881,בארי,34.442885,31.434446,29/8/2020
1882,כיסופים,34.470164,31.447038,29/8/2020
1883,בארי,34.46929,31.439946,29/8/2020
1884,ניר יצחק,34.37616,31.248974,29/8/2020
1885,בארי,34.463173,31.45233,29/8/2020
1886,ניר עם,34.582,31.52275,29/8/2020
1887,זיקים,34.528242,31.610816,29/8/2020
1888,30.8.2020 FIRST FIRE OF THE DAY כיסופים‎,34.38876,31.373637,30/8/2020
1889,כיסופים,34.407299,31.381404,30/8/2020
1890,תקומה,34.567745,31.45608,30/8/2020
1891,נחביר,34.474471,31.440788,30/8/2020
1892,בארי,34.468006,31.443884,30/8/2020
1893,עלומים,34.477813,31.449655,30/8/2020
1894,ניר עוז,34.386224,31.319184,30/8/2020
1895,ניר עוז,34.387216,31.31827,30/8/2020
1896,בארי,34.468169,31.432066,30/8/2020
1897,נחל עוז,34.487722,31.478861,30/8/2020
1898,באר מרווה,34.519215,31.44894,30/8/2020
1899,בארי,34.502263,31.446304,30/8/2020
1900,כפר עזה,34.529342,31.480883,30/8/2020
1901,בארי,34.459973,31.447843,30/8/2020
1902,סעד,34.533082,31.4733,30/8/2020
1903,ניר עם,34.564462,31.521995,30/8/2020
1904,ניר עם,34.561887,31.521556,30/8/2020
1905,ניר עם,34.572625,31.517486,30/8/2020
1906,בארי,34.450825,31.443936,30/8/2020
1907,ניר עם,34.570222,31.525,30/8/2020
1908,מאגר רעים,34.481278,31.380621,30/8/2020
1909,רעים,34.442644,31.40132,30/8/2020
1910,מפלסים,34.566976,31.498162,30/8/2020
1911,בארי,34.485565,31.422625,30/8/2020
1912,תקומה,34.570714,31.459229,30/8/2020
1913,בארי,34.467,31.431919,30/8/2020
1914,דורות,34.651754,31.508186,30/8/2020
1915,מפלסים,34.546202,31.483402,30/8/2020
1916,כפר מימון,34.524963,31.435398,30/8/2020
1917,מבטחים‎,34.378075,31.226611,30/8/2020
1918,כפר מימון,34.525567,31.435898,30/8/2020
1919,ניר עם,34.572056,31.532472,30/8/2020
1920,כפר עזה,34.535649,31.477475,30/8/2020
1921,בארי 31.8.2020 FIRST FIRE OF THE DAY,34.465411,31.451256,31/8/2020
1922,נחל עוז,34.49042,31.467371,31/8/2020
1923,כפר עזה,34.527241,31.500089,31/8/2020
1924,ניר עוז,34.378924,31.312145,31/8/2020
1925,כיסופים,34.406025,31.396716,31/8/2020
1926,כיסופים,34.394867,31.389829,31/8/2020
1927,שדה אברהם,34.331849,31.218099,31/8/2020
1928,בארי אנזק,34.462702,31.447074,31/8/2020
1929,בארי,34.461973,31.436786,31/8/2020
1930,בארי,34.455149,31.432355,31/8/2020
1931,בארי,34.458325,31.436676,31/8/2020
1932,בארי,34.455578,31.435761,31/8/2020
1933,שובה,34.535955,31.450419,31/8/2020
1934,באר מרווה,34.51836,31.448589,31/8/2020
1935,כיסופים,34.405411,31.388951,31/8/2020
1936,כיסופים,34.411591,31.389025,31/8/2020
1937,כיסופים,34.406098,31.371438,31/8/2020
1938,סופיםכי,34.395927,31.384121,31/8/2020
1939,כיסופים,34.396613,31.383095,31/8/2020
1940,כיסופים,34.391893,31.384304,31/8/2020
1941,כיסופים,34.393309,31.384853,31/8/2020
1942,כיסופים,34.376272,31.37236,31/8/2020
1943,כיסופים,34.406141,31.365581,31/8/2020
1944,כיסופים,34.405196,31.364994,31/8/2020
1945,זיקים,34.526284,31.611286,31/8/2020
1946,חוף אשקלון,34.518409,31.621292,31/8/2020
1947,כיסופים,34.407213,31.365764,31/8/2020
1948,כיסופים,34.406784,31.365471,31/8/2020
1949,יער שוקדה,34.510872,31.426562,31/8/2020
1950,בארי,34.478643,31.438147,31/8/2020
